feature,importance,std
coverage_position_advantage_yd,0.09814539318551461,0.0007237775441144412
target_dist_to_spot_at_throw_yd,0.07408255987557633,0.0014404266664881807
coverage_off_bearing_at_throw_deg,0.05699938545341995,0.00203127691769171
nearest_defender_to_spot_yd,0.052552566287601674,0.0012662658169214738
target_speed_at_throw_yps,0.05080365634606169,0.0013593323084361967
land_sideline_dist_yd,0.04745234924250215,0.000578838778510418
throw_distance_yd,0.031902535022786484,0.0009023828196848932
separation_at_throw_yd,0.026149586425745896,0.00026103772576018566
coverage_speed_at_throw_yps,0.024753288765718452,0.00028905014398250285
air_yards_yd,0.024555120032834665,0.000940205787113339
target_depth_yd,0.018257640662478824,0.0001968573968829389
coverage_dist_to_spot_at_throw_yd,0.01723437882326121,0.0003561050047217742
target_sideline_dist_yd,0.010837569578531759,9.757465719510801e-05
target_accel_at_throw_yps2,0.010484916332314898,0.0002120778911659036
target_height_in,0.010182182235255733,0.0004889646060576785
target_position,0.0078045447391322685,0.0003005771205165348
route_of_targeted_receiver,0.0076649734169292215,0.00029362258827908436
target_weight_lb,0.007566567579739147,0.00014406003160370958
air_time_s,0.007332007602794321,0.00011521498199009609
yards_to_go,0.006255649206825276,0.00029149058916167413
team_coverage_type,0.004778416211843772,0.0001630336056712615
receiver_alignment,0.003193760714375715,0.00014096124392040625
n_route_runners,0.002895460726578358,0.00014982901043758786
down,0.0024825440673721167,0.00010967863044540812
defenders_near_spot,0.0018206987986708278,0.0001818842069482197
offense_formation,0.0009316914235672824,8.05335072333406e-05
n_coverage_defenders,0.0009101238546967317,5.620975247428292e-05
pass_location_type,0.0006198242035214907,6.458210123248683e-05
team_coverage_man_zone,0.00042155111854267344,2.751589495304065e-05
