nfl_id,player_name,position,targets,catch_rate,yards_per_target,touchdowns,interceptions,passer_rating_when_targeted,mean_air_yards,separation_at_throw_yd,separation_at_arrival_yd,separation_change_yd,open_rate_at_throw,open_rate_at_arrival,air_speed_max_yps,air_accel_max_yps2,air_accel_burst_yps2,air_speed_delta_yps,air_cod_total_deg,air_cod_max_rate_dps,air_pursuit_efficiency,air_off_bearing_deg,air_closing_speed_yps,expected_catch_rate,catch_rate_over_expected
52425,CeeDee Lamb,WR,165,0.7575757575757576,10.406060606060606,12,1,130.29040404040404,9.905999709620604,3.138527725568158,2.615214334468475,-0.46037380013592416,0.43636363636363634,0.3333333333333333,6.368410348872465,3.879117806073184,1.1137702237610567,-0.03204632828450284,26.088834342678854,43.785313198465445,0.7140145830313013,35.29632339999531,4.5127795162637305,0.6665363165306407,0.09103944104511685
41282,Davante Adams,WR,152,0.6118421052631579,7.052631578947368,7,4,86.84210526315789,10.057434292216058,3.2897410157672184,2.5050326692950766,-0.7055198841953285,0.45394736842105265,0.30201342281879195,6.086963736540116,4.223533335710771,1.120443587641234,0.18186679869675781,33.84881331522924,54.923545720961805,0.6129067888586373,43.48606389268172,3.7841447120944323,0.6708775773087801,-0.059035472045622206
54475,Garrett Wilson,WR,142,0.5985915492957746,7.042253521126761,3,6,70.74530516431925,9.854295850639609,3.3618788949251392,2.4177513712660716,-0.9327956710220344,0.45774647887323944,0.2785714285714286,6.295762359892472,4.27107002652901,0.47339611244736474,-0.7181377179290687,38.6090387848501,55.652268492958186,0.5508984701620004,49.702728605878,3.6551027314472493,0.6468683241044444,-0.048276774808669765
53541,Amon-Ra St. Brown,WR,139,0.7266187050359713,10.079136690647482,9,3,117.22122302158273,8.702014441970444,3.3863514705577344,2.832903703481373,-0.4744226689790924,0.4676258992805755,0.4117647058823529,6.294343421725197,4.2637630636525765,0.5755173438600338,-0.13012705339027664,33.98529957331741,54.09253919585979,0.6247577710507772,44.97858201369904,4.048107611219904,0.6958237907855558,0.030794914250415473
47834,A.J. Brown,WR,139,0.7266187050359713,10.201438848920864,7,3,112.93465227817745,11.277769915491557,3.3098879960331145,2.347561821612794,-0.9268901395702454,0.4748201438848921,0.26277372262773724,6.0750693984407365,4.318335484868868,1.0322169492463276,-0.19505630115488662,39.80476178164067,66.90130301795095,0.7098676147025494,36.90795748903824,4.1880294862990715,0.6477351636957649,0.07888354134020636
43454,Tyreek Hill,WR,133,0.6842105263157895,12.157894736842104,13,5,126.67606516290728,13.201654247771511,3.3432520557226995,2.920833779393489,-0.33441507631236733,0.46616541353383456,0.4318181818181818,7.508315574064606,5.036755783183638,-0.061420266936084295,-1.2867720907041513,40.34519987896425,51.544133560892135,0.7137790237151144,38.219369162760074,5.017945403808176,0.630202059032986,0.05400846728280351
56042,Puka Nacua,WR,130,0.676923076923077,10.515384615384615,6,2,111.28205128205131,9.46653850995577,3.270075083228321,2.6779471092401024,-0.5450706387717505,0.5076923076923077,0.336,6.388150930290798,4.078918979654583,0.8626416314660524,0.1006241996308767,31.42384442137014,51.82330570778921,0.6303560889631573,44.28122838445756,4.139784353788173,0.6520781949519637,0.02484488197111323
40024,Keenan Allen,WR,129,0.7364341085271318,9.317829457364342,6,1,114.55103359173127,9.521085258602168,3.5153486321426866,2.915907226540446,-0.5479402300238722,0.5193798449612403,0.390625,6.082749667194815,3.8870098913972275,0.4146705781951469,-0.41957523031994814,30.105947917578895,49.794949543275614,0.5859725237733031,46.79028502635207,3.575775478016428,0.7083093308424845,0.028124777684647273
42489,Stefon Diggs,WR,127,0.6614173228346457,8.007874015748031,6,4,93.19225721784777,10.465590056471934,3.1659433398967027,2.527725764318433,-0.6051642573276476,0.4566929133858268,0.31451612903225806,5.771437045903487,3.8000097474017855,0.7939409045968342,-0.1836209590041889,32.75614156974651,54.25493931188882,0.6120013494527433,43.974833982467494,3.6177448592458563,0.6591331475296454,0.0022841753050003577
40488,Adam Thielen,WR,123,0.7398373983739838,7.772357723577236,4,1,103.57384823848238,7.715121866241701,3.0893273188089223,2.7664227941860915,-0.31210182175687506,0.45528455284552843,0.319672131147541,6.27631031472255,3.6558996082484785,0.8404966959818784,0.14488647998278803,26.665340455623976,43.54470946483692,0.6191513189334681,44.533570998445455,4.056885127431332,0.7070899492461762,0.03274744912780758
54476,Chris Olave,WR,122,0.6229508196721312,8.434426229508198,4,3,89.82240437158472,13.32975398907897,3.4247837071521827,2.9980277583248847,-0.526038995923435,0.48360655737704916,0.4083333333333333,6.635949419406598,4.718436421631988,1.0505395445196857,-0.22610671055310166,41.967720332507156,64.20733056469592,0.6836664190072094,40.071604783332965,4.500327056748228,0.661190486071542,-0.03823966639941079
41233,Mike Evans,WR,120,0.6333333333333333,10.15,13,2,126.31944444444446,13.801916722456614,2.977600666126537,2.3194897532655476,-0.5388373285111797,0.4166666666666667,0.2222222222222222,6.456228890667936,4.023710378804712,0.6487163114031765,-0.31819647965387954,32.968333362566916,45.85510923432095,0.6890843484222783,38.57209772511308,4.476093696544073,0.6029824943799472,0.030350838953386083
52442,Michael Pittman,WR,119,0.7310924369747899,7.966386554621849,3,5,87.09733893557421,7.876050123647493,3.247929278902242,2.5619969411624055,-0.5987937458520352,0.453781512605042,0.3620689655172414,5.819668529296435,4.015649586369148,0.33143491376744705,-0.5124893290439523,33.8319904921737,53.37719188622506,0.6474874385085649,42.64492591994259,3.763272079209593,0.6600595836610192,0.07103285331377063
47791,T.J. Hockenson,TE,118,0.7711864406779662,7.805084745762712,5,1,109.4632768361582,6.669999894449272,4.196850607001517,2.9360311622414894,-1.1531929665637586,0.5932203389830508,0.35964912280701755,5.982401640095916,3.337497622547244,0.6113822591805883,-0.013247165969230403,21.22732744093734,37.10576539353579,0.6132705720274201,45.33757674939171,3.7433656964023605,0.7413123602328783,0.02987408044508788
55899,Sam LaPorta,TE,115,0.7217391304347827,7.991304347826087,10,3,113.6413043478261,6.535391368036673,4.010216075963786,3.0013801394237203,-0.6720573775072013,0.5391304347826087,0.37383177570093457,6.383203744378483,3.82147926567801,0.6750402400418575,0.18534996855244557,26.928075745170638,46.99485920770715,0.6946114585923469,39.82745888414542,4.275839200265774,0.6885465901253106,0.03319254030947205
39973,DeAndre Hopkins,WR,115,0.5826086956521739,8.869565217391305,7,5,89.76449275362319,14.073999869305155,3.0466640516744747,2.130846729887635,-0.8852193769717193,0.40869565217391307,0.20175438596491227,6.878023751369901,3.7815402578266464,0.22339234397233548,-0.9230136303326679,28.260782941725154,38.05139238838386,0.6950069439203561,38.4476991254661,4.675623889255523,0.6049525224438063,-0.022343826791632382
44835,Evan Engram,TE,115,0.7913043478260869,7.495652173913044,3,3,95.72463768115941,5.227826385912679,3.8070800091043244,3.0573590989661423,-0.6645547926760279,0.591304347826087,0.42727272727272725,5.178930629507591,3.9011074906929033,0.4961456322302448,-0.07006106766202667,30.915978795989542,62.00803701071571,0.48370823338618085,52.79065470200965,2.8823876741783474,0.7652939342511078,0.02601041357497913
46095,Calvin Ridley,WR,113,0.584070796460177,8.274336283185841,7,2,98.5066371681416,13.60999994626087,2.9111817886810374,2.103080342973225,-0.772874800932534,0.39823008849557523,0.22522522522522523,6.849319415736805,4.881198462024786,0.5912632545578191,-1.2395246985685737,46.61382727940083,65.85928386389924,0.6370957995579989,40.39582743155574,4.265523337302978,0.5752992563415529,0.008771540118624133
47859,Terry McLaurin,WR,113,0.6017699115044248,8.256637168141593,5,4,86.63348082595871,12.139734647970277,3.304768172489427,2.1441001438498075,-0.8468298695577763,0.4336283185840708,0.2169811320754717,6.677007628178393,3.9193558934879986,0.6379169001212335,-0.4783214077062021,28.315368352938325,43.98504805728733,0.6930047999309071,35.11479785759737,4.545997861265059,0.6177716086165789,-0.016001697112154045
42347,Amari Cooper,WR,112,0.6339285714285714,10.991071428571429,4,5,94.01041666666666,12.882946295397616,3.085355427819132,2.182452033856916,-0.9251285112007775,0.42857142857142855,0.25892857142857145,6.35333606996672,4.3140159832526175,0.5104639640610981,-0.8311892063124071,34.231341679879,54.07133783373471,0.6764265155430501,39.32895429254567,4.139836685514692,0.5840087726932629,0.049919798735308496
53434,Ja'Marr Chase,WR,106,0.660377358490566,9.641509433962264,6,2,108.2940251572327,10.488584639891148,3.7265925958068147,2.832617938683548,-0.7524302103976438,0.5660377358490566,0.39805825242718446,6.230998345869819,4.660314287429811,0.5674255146356616,-0.47154774076664685,41.11031672739199,57.77257756674421,0.6517463752488871,40.600460173676204,4.223281273319563,0.6545921087931524,0.005785249697413564
46093,DJ Moore,WR,106,0.7264150943396226,12.037735849056604,8,2,130.07075471698113,12.990377390159756,3.257117154769656,2.528419859231028,-0.7551216537644501,0.4716981132075472,0.3333333333333333,6.3586714853680855,3.5859523390850803,0.6215094852324847,-0.3846409858800356,25.33992799071523,39.837335625492656,0.6547581869368182,37.29753877729704,4.465305653940244,0.5999766171521358,0.1264384771874868
44896,Chris Godwin Jr.,WR,104,0.6923076923076923,9.375,2,1,101.24198717948718,9.674519084967098,3.2530333177693516,2.6398490203022624,-0.6488069998396648,0.5,0.33663366336633666,6.581384887995157,3.9095173354044968,0.3882811525570688,-0.21680164662916146,30.123900165898842,41.65088663683319,0.7256323940175273,35.79923551848624,4.603627430181881,0.6536902500729109,0.03861744223478136
42412,Tyler Lockett,WR,100,0.72,8.77,4,4,95.29166666666667,11.154900035858136,4.066879346113659,2.716961490580441,-1.1873664080910173,0.61,0.3020833333333333,5.93884237765084,4.32656286062192,0.6362913712003668,-0.5771131418114693,39.33664165559549,57.304364465539955,0.6353077573825031,41.933445350705405,3.75431974653891,0.7024364184203035,0.017563581579696508
52433,Brandon Aiyuk,WR,99,0.7474747474747475,13.686868686868687,7,3,127.3989898989899,13.091111091652293,3.2170912527240696,2.8804024342009145,-0.3756133355245388,0.5252525252525253,0.36363636363636365,6.785705185309435,4.719213609314341,0.7285912615141207,-0.26236761222358196,36.03356940070456,48.786186328335134,0.7514000026879349,34.59772349538592,4.715758065761847,0.6482096911198946,0.09926505635485294
44841,David Njoku,TE,98,0.6530612244897959,7.887755102040816,6,2,101.27551020408163,5.446122547801667,4.728296444996927,3.239597140536736,-1.218208482523942,0.6836734693877551,0.4175824175824176,5.5716079192445855,2.7425015325103947,-0.07164047287788798,-0.5557740855536109,21.840241036049303,39.19944796851716,0.5829000489741026,45.60753480848568,3.432003445384373,0.7020349348895227,-0.048973710399726866
54473,Drake London,WR,97,0.6597938144329897,9.061855670103093,2,3,88.81013745704468,10.907731985308464,3.2500878959601462,2.2255246275503517,-1.032291992398796,0.4948453608247423,0.25,6.049291318538465,4.123042229564581,0.07992849431836088,-0.9496541974192102,33.63666237747326,53.32639587986719,0.529092190370583,51.59675349257116,3.354236674000846,0.6120108025902425,0.047783011842747136
40011,Travis Kelce,TE,97,0.7628865979381443,8.835051546391753,4,2,107.62457044673539,7.109175269136733,4.194702729874795,3.482213316254326,-0.40008810312180604,0.5773195876288659,0.4888888888888889,4.9742588004776405,3.5711557326101793,0.12000595124320876,-0.4943916974096964,25.88318040752034,47.284183770535385,0.4675383382729625,56.19537624360402,2.467388381015524,0.7574833441024946,0.005403253835649657
47847,DK Metcalf,WR,96,0.625,10.65625,8,3,113.32465277777777,12.318229064345365,3.2854733314369455,2.3087594653488654,-0.91551456754898,0.4479166666666667,0.30526315789473685,6.057186226632218,4.012338424969057,0.675394484211474,-0.42153263606597524,36.33209080633318,60.064857454705525,0.6343726848677519,43.49319234608816,3.8646798166146503,0.6268491897881251,-0.001849189788125094
55887,Jordan Addison,WR,94,0.7021276595744681,9.563829787234043,10,6,109.30851063829789,11.86829780771375,3.620675796829438,2.5158241202346145,-1.0037926490185065,0.574468085106383,0.2967032967032967,6.530677894903239,4.26643671505153,0.6141186315797337,-0.43542878910105454,31.7393921942743,48.72079525494088,0.7116852991143972,37.640172215522696,4.54702083177677,0.648375062321159,0.053752597253309053
53439,DeVonta Smith,WR,93,0.7311827956989247,10.935483870967742,7,2,124.7087813620072,13.26913999742078,3.6171587599481883,2.7707351363937947,-1.0299518550746334,0.5053763440860215,0.3225806451612903,6.630788982553657,4.732540069774995,0.6569684878686356,-0.8314866853782422,41.11703595488806,64.78458255122939,0.6287786600160694,43.871356500373274,4.196281117877623,0.6650583736694794,0.06612442202944535
48097,Jakobi Meyers,WR,92,0.6521739130434783,8.391304347826088,8,4,102.26449275362317,10.14804371025251,3.32235087948213,2.544536846226405,-0.7778140332557248,0.4891304347826087,0.29347826086956524,6.3823312547733435,4.259455895212633,0.7990614497350035,-0.17829746403498645,31.384880162956527,45.933827751323186,0.665327361095724,40.63137549091892,4.208512756746997,0.6544732653259628,-0.002299352282484568
54517,George Pickens,WR,89,0.6629213483146067,12.393258426966293,5,2,118.32865168539325,12.244494298870652,2.9043201623747614,2.3314475332243414,-0.6212467457624943,0.4606741573033708,0.2808988764044944,6.283565884507761,4.021462793040179,0.6441500900366038,-0.57706239977258,30.56110357793003,46.562740387822316,0.6892020463459765,37.739111428193766,4.233851563644073,0.6251577554812507,0.03776359283335595
52430,Justin Jefferson,WR,88,0.6931818181818182,11.897727272727273,5,3,114.157196969697,13.16443207318132,3.283434830995982,2.4279805914312225,-0.7359743788063592,0.5113636363636364,0.3372093023255814,6.698666196417087,4.911561904888109,0.6470847229036671,-0.6763467133451673,45.08177331490728,60.15882063695467,0.6818088976560971,37.61076103360894,4.750092633130563,0.6254794928905077,0.06770232529131048
54594,Jake Ferguson,TE,87,0.735632183908046,8.563218390804598,5,0,118.22318007662835,5.731838908688773,4.02789767355349,3.1470568892215884,-0.5323779742995749,0.5517241379310345,0.425,5.719491231102379,3.47059367254291,0.3438872199363907,-0.15368849780157617,24.962432167751505,45.14329619627583,0.6597423180911915,41.291689112649856,3.731062823560266,0.7286111974771653,0.007020986430880671
53518,Nico Collins,WR,86,0.7558139534883721,13.453488372093023,8,1,143.3139534883721,12.126976941214052,3.196483345972111,2.85442247176665,-0.7138482828336223,0.4069767441860465,0.32142857142857145,6.9259401275513195,4.799907425227627,0.8374783486537162,-0.087141834186064,41.76281928746262,58.86198206326326,0.7051018803770555,36.46784892554164,4.7693857225141905,0.6186912861466923,0.13712266734167977
54520,Trey McBride,TE,86,0.7674418604651163,7.965116279069767,3,4,91.47286821705426,6.8677907988082625,4.778442991014472,2.9563482202870475,-1.3431832751495578,0.627906976744186,0.38461538461538464,5.960814323738474,3.011649626082716,0.011370859633429565,-0.5016487378742374,19.194041269044465,33.61293788995295,0.6413143054790833,40.72960849470284,3.8519631225261195,0.7359107812316894,0.031531079233426906
53435,Jaylen Waddle,WR,85,0.6705882352941176,10.694117647058823,4,3,103.50490196078432,11.389764670764697,3.473617105604347,3.060129814650993,-0.34571794203882367,0.5529411764705883,0.4523809523809524,6.9105254941679295,4.7092986400501955,0.20429890948297252,-0.7564565206881978,35.544289985349636,48.53023128107683,0.7248521975924782,36.503213164763224,4.633172721154904,0.6253363945388288,0.045251840755288764
44959,George Kittle,TE,85,0.7294117647058823,11.764705882352942,6,2,125.61274509803921,8.92847072376925,4.453355907883012,3.240773491450203,-0.7883428902261069,0.6352941176470588,0.4375,6.426652708050852,3.7102944217869447,0.39577073717269107,-0.28962953506191397,26.880574831068508,34.673912688165565,0.7583882406450357,32.97523447055112,4.579551233519085,0.7211085241778199,0.008303240528062417
53463,Elijah Moore,WR,85,0.5882352941176471,6.964705882352941,2,1,83.06372549019608,11.778823448629945,4.079288898737843,3.3821360432901466,-0.6167682346240779,0.611764705882353,0.4939759036144578,5.971808272365957,4.689106822174101,0.4798507374048649,-1.0518092992275776,42.90618544295027,68.06588819470407,0.6602168221131779,42.36960059575945,3.6069672458539968,0.6602254169256014,-0.07199012280795436
44881,Cooper Kupp,WR,85,0.6352941176470588,8.48235294117647,5,3,95.26960784313727,8.516588382159965,3.7267347367152373,2.9403491610738075,-0.2877259892934751,0.5176470588235295,0.3717948717948718,6.73135818987056,3.9724820640573024,0.6500604208864027,0.008711296817511021,28.2691563189348,41.44217963859605,0.70303966770308,36.56298696141052,4.636480720960649,0.6537063339367613,-0.018412216289702465
54597,Romeo Doubs,WR,84,0.6428571428571429,7.773809523809524,8,2,109.87103174603175,12.493928580057055,3.1695541057620575,2.632561124062805,-0.5369929816992535,0.4523809523809524,0.2976190476190476,6.357181203967377,4.529901191171145,1.0214804132144577,-0.0031164515138283385,41.68189026788853,63.51134623160676,0.6805872511621691,37.413186364937076,4.291067020202759,0.6180032075069709,0.024853935350171996
47808,Marquise Brown,WR,82,0.573170731707317,6.463414634146342,4,2,82.8760162601626,12.200243772529955,3.119942875730635,2.3356521201363973,-0.8097849563481311,0.45121951219512196,0.2911392405063291,6.762010615610985,3.8640011045712153,0.5400622617273093,-0.41742728689688596,30.74918439591894,51.48805888189329,0.7311185506286954,34.29252626692973,4.934501335303407,0.6093434937994159,-0.036172762092098854
46109,Courtland Sutton,WR,82,0.6951219512195121,8.890243902439025,9,2,123.47560975609755,11.666341464693954,3.7175601213702176,2.6696392534064723,-0.6945516891459877,0.5121951219512195,0.33766233766233766,6.857432449502671,3.6344156195012807,0.953764752458583,-0.03577356897602541,25.13595837667218,41.197625398205034,0.7093823334510128,34.357518023708245,4.948582951321532,0.6478892575164746,0.04723269370303751
55944,Josh Downs,WR,81,0.7160493827160493,8.54320987654321,2,1,100.4372427983539,6.4729630034647,3.6453390497355382,3.1346257896036076,-0.3839425627744146,0.5679012345679012,0.38461538461538464,5.78906144365728,3.6666985472031914,0.6322114496868821,0.023434061285553788,25.098266392040113,45.08984700928621,0.6499756260102221,39.006873735022836,3.8058508559103497,0.7230501559860565,-0.0070007732700071434
53433,Kyle Pitts,TE,80,0.625,7.15,2,2,81.875,10.28887512683868,3.308034733492633,2.174816251762154,-1.0857957412493402,0.525,0.27848101265822783,6.160303854521755,3.8809839327623115,0.04666631171144543,-0.27115960802243055,29.821863141408745,41.972556668263294,0.5008537673847777,52.79306666913871,3.3356741924867563,0.6463762858605059,-0.021376285860505884
55889,Dalton Kincaid,TE,78,0.8333333333333334,7.935897435897436,2,1,102.9380341880342,5.436154414445919,4.737917187914546,3.3936325928881605,-0.9448293077583766,0.6666666666666666,0.4857142857142857,5.810801926898034,3.190957265829428,0.5424616028463715,0.02270646155057662,21.201529374398728,39.89674486098281,0.586518944070082,44.289779747307925,3.5624691242542483,0.7893093253800162,0.04402400795331718
52451,Cole Kmet,TE,78,0.8205128205128205,8.602564102564102,5,2,113.19444444444444,6.149358798296027,5.672241085603101,3.0119189265883666,-1.065480175905378,0.7435897435897436,0.41935483870967744,5.694657867235777,2.7485565571127064,0.07365846540030067,-0.5042225779558243,19.65700735468612,33.36990375885878,0.6063463235699807,42.3645621440428,3.6781189805894567,0.7735455245732537,0.04696729593956683
46206,Dalton Schultz,TE,78,0.7051282051282052,7.653846153846154,5,1,108.76068376068378,6.955897403069033,4.653458180508188,3.210910350195664,-0.6521676720271854,0.5384615384615384,0.4714285714285714,5.8526318244732405,3.911915344958926,0.15975178399843526,-0.3264443312811195,27.699393161736488,49.32543067841309,0.5651667777396886,47.299879887225174,3.1736416197637944,0.7154712055281883,-0.010343000399983149
43344,Tyler Boyd,WR,77,0.7272727272727273,8.337662337662337,2,3,89.85389610389612,7.254934923989434,3.5401308841023673,2.8355307747724825,-0.6294340417597204,0.4675324675324675,0.4266666666666667,5.874382335691456,3.7714004570529838,0.7326943330685999,-0.022690697851814528,28.116731906191077,47.40156986859456,0.7084226610244387,36.752767920787825,4.1266939120209996,0.7147687445000279,0.012503982772699374
55886,Zay Flowers,WR,77,0.7012987012987013,10.090909090909092,5,1,118.80411255411256,11.381428551364253,3.8096433466465616,3.294283241599902,-0.44226639901368753,0.5194805194805194,0.4666666666666667,5.944625432166008,4.631040826328293,0.6851240632666875,-0.6476234209367172,36.00719779450357,69.4258653196706,0.5999954265402987,44.28759362047708,3.838424427512165,0.7023563557024788,-0.0010576544037774749
46226,Tyler Conklin,TE,75,0.76,7.88,0,1,92.69444444444446,6.419999949137374,4.615767321097629,2.6210607931596495,-0.7540289657381556,0.5866666666666667,0.40625,5.446131340558459,2.9802034717696326,-0.0005993846972855129,-0.33910744361981165,21.049914004767388,35.045753004127945,0.5309107064859158,49.68545254187433,3.0990491556267505,0.7192255817789065,0.04077441822109351
55920,Rashee Rice,WR,74,0.7432432432432432,10.432432432432432,7,1,133.38963963963965,6.79162159481564,4.250707792252672,3.6872235707613648,-0.47998237368564906,0.6081081081081081,0.5142857142857142,5.752397220080652,3.45102605336925,0.14737716988455266,-0.422818374071826,25.822064202120384,45.31733055045817,0.618426690279939,43.528463637765675,3.554624780819233,0.7529879633576495,-0.009744720114406302
47849,Diontae Johnson,WR,74,0.5675675675675675,8.891891891891891,5,1,103.32207207207207,13.293648391156584,3.2508556480243422,2.509150284857778,-0.5730799060221425,0.4594594594594595,0.3380281690140845,6.7008708691870735,4.785610868041507,0.8682572851092032,-0.4222406282535626,40.29885623764102,56.86066963380529,0.6455040829042789,41.42415853559621,4.248459550732697,0.5962036310479654,-0.028636063480397822
54481,Jahan Dotson,WR,72,0.6388888888888888,7.222222222222222,4,3,86.57407407407408,9.397500038146982,3.519097596262653,2.4622196974825465,-0.9764843104470694,0.5972222222222222,0.2753623188405797,6.5346051216851,3.9056533752799,1.1170234451239074,0.20324178919419147,29.058210000871433,49.80669313192809,0.6865184552717968,38.77338451206929,4.3368611950099085,0.6591896864350016,-0.020300797546112803
41246,Brandin Cooks,WR,71,0.704225352112676,8.80281690140845,7,4,106.83685446009387,11.72929601770053,3.0075697308340232,2.615710615183093,-0.4632801678848041,0.43661971830985913,0.323943661971831,6.684313920787683,4.412193856497492,0.8014061967358118,-0.48173219178843113,32.38676836821428,53.32657863810186,0.6179493387656134,42.158159207985165,4.209212924084596,0.6226179597891408,0.0816073923235352
55915,Jayden Reed,WR,70,0.6714285714285714,10.17142857142857,7,1,127.79761904761904,12.622428437641673,3.9890637128082322,3.053987988036371,-0.7842969317902315,0.5,0.43478260869565216,6.927230670040178,4.163708257632849,0.5851347768832541,-0.4544991245344668,31.27267969800548,39.20740465712119,0.752755759260411,33.65684774341745,4.918821300580549,0.6317425726554232,0.03968599877314816
55934,Tank Dell,WR,70,0.6571428571428571,10.085714285714285,7,2,120.29761904761904,13.925714373588558,3.4800404753615464,2.780201983491613,-0.6929998521322922,0.5428571428571428,0.42028985507246375,6.580690344408072,4.802559012532544,0.5907902421362973,-0.4329219549276262,42.34066585196321,64.74463343916732,0.7102407934550232,36.2788474451717,4.685005086455094,0.6529502754808714,0.0041925816619857725
46116,Christian Kirk,WR,69,0.6956521739130435,10.217391304347826,4,1,115.91183574879227,10.528405756190194,3.2268266874812563,2.7045711706876485,-0.5644691907847239,0.5507246376811594,0.42028985507246375,6.762817768205313,3.8141642932203204,0.4717392270936248,-0.43549402986291813,27.776080436813736,41.105878933512166,0.6706877439256101,38.489095745290186,4.509208656358317,0.628498915730734,0.06715325818230944
44852,Curtis Samuel,WR,69,0.7101449275362319,7.550724637681159,4,3,93.93115942028984,7.539710407671705,4.053560244459044,2.6441654928221285,-0.8951248024646853,0.5072463768115942,0.3484848484848485,5.9343807089124825,3.9729628675310935,0.8390143218797417,-0.18446431145769562,32.358615800513874,58.873926841088654,0.6435603421128286,41.436155509722624,3.873335273753485,0.6880674647439347,0.022077462792297275
52536,Gabe Davis,WR,69,0.6086956521739131,10.057971014492754,7,4,104.3780193236715,14.140144792155926,3.3323968598246148,2.8481751401183386,-0.47673277740389547,0.4782608695652174,0.4117647058823529,6.388057564465077,4.348690390087199,0.5080591619327116,-0.9207522036570126,40.22258219015688,61.190884280043775,0.6001847200319264,47.154321889723,3.753404757969775,0.6340675194920488,-0.025371867318135677
42547,Darren Waller,TE,69,0.7246376811594203,7.594202898550725,1,1,92.90458937198068,6.977971187536266,3.6567091772391613,2.9935931985089814,-0.671819392846707,0.5217391304347826,0.4264705882352941,6.4560228287600365,3.2352745135387577,0.5474269786983932,0.13275646909933178,17.663984710863,33.267384665105084,0.6879067343261543,35.09322154647156,4.618800938855575,0.733377385170749,-0.00873970401132873
41349,Logan Thomas,TE,68,0.7352941176470589,6.514705882352941,4,2,97.85539215686275,5.542058515198102,4.389044242111119,2.3006115645611587,-0.7800244876580978,0.5588235294117647,0.23214285714285715,5.374442635194093,2.8608130074008744,0.4255536563483762,0.05882519731805417,19.609237429625978,35.74822022372696,0.5701025527911935,46.95252228818831,3.2237023261181093,0.7290508105234599,0.006243307123598996
55904,Jonathan Mingo,WR,68,0.4852941176470588,5.588235294117647,0,2,53.55392156862745,10.420441206763773,3.12564020695255,2.4751984709291115,-0.6511266654791925,0.4852941176470588,0.27941176470588236,6.283072634650136,4.95274612781681,1.1329259622900938,-0.410036011857717,44.812239547253554,73.380139440495,0.5534098232500169,48.02583177469922,3.4890610221183165,0.6112048128969662,-0.12591069524990733
52441,Tee Higgins,WR,68,0.5735294117647058,9.102941176470589,3,1,96.38480392156863,11.956764831262472,3.015047599439474,2.473306715755257,-0.7840146300997753,0.36764705882352944,0.36764705882352944,6.330514840301127,4.527540024741644,0.21068291909673667,-1.1503445185970411,34.66815473931845,52.36886494422677,0.6344594303521118,45.08904405543245,4.045697230298568,0.5832666924283645,-0.009737280663658643
52423,Jerry Jeudy,WR,68,0.6470588235294118,10.617647058823529,2,1,103.92156862745097,14.043382546480961,3.941822082150548,3.372761814828554,-0.6653443507837926,0.5147058823529411,0.45454545454545453,6.639900044287895,3.7842962165805942,0.7201356562239458,-0.5598097093846488,27.281742082550416,42.01629852897389,0.6662371670165758,36.47770755489852,4.618934148073349,0.6379056612473035,0.009153162282108274
47819,Deebo Samuel Sr.,WR,67,0.6567164179104478,10.477611940298507,5,1,119.12313432835822,7.978954920128221,4.1770202856111736,3.181484442053891,-0.9879446115027327,0.582089552238806,0.3968253968253968,6.469657456406364,4.112456370079128,0.3960759014065981,-0.41873526896698743,32.19955697554455,48.19473984679434,0.6855863353187477,40.1429760437741,4.297387378724004,0.6904317519322294,-0.03371533402178162
47954,Darius Slayton,WR,66,0.6666666666666666,10.196969696969697,3,2,102.65151515151516,11.739242467013279,3.6793707987806767,2.8657885541687125,-0.81513418268173,0.5,0.3484848484848485,5.909181358519475,3.960030646467621,0.9081083287831039,-0.486963347152186,31.27040351166125,56.73131487097623,0.5423548315817706,50.7440591900519,3.6844826451736425,0.6917643614026104,-0.02509769473594381
52584,K.J. Osborn,WR,64,0.640625,8.0625,3,3,85.15625,9.512656331062313,3.339194817817232,3.0959363153842614,-0.18132517562296313,0.46875,0.3492063492063492,6.258214000754372,4.042623006829278,0.8815279937748335,-0.20414842922507231,32.16629488115318,53.046089270816054,0.650019883849922,42.65865223815075,4.106177172404798,0.662010181690172,-0.021385181690172006
55884,Jaxon Smith-Njigba,WR,64,0.640625,7.375,3,2,88.80208333333334,8.228906344622377,4.569439935396002,2.927481080386209,-1.1452675570939652,0.65625,0.3793103448275862,6.380881401830148,3.9447675825265174,0.40790170680175075,-0.5661309131935399,32.56484945739711,50.95190864794161,0.6922157633427317,35.24609182383167,4.453890333952628,0.6902184482824285,-0.04959344828242851
44879,Alvin Kamara,RB,64,0.859375,6.03125,1,0,97.00520833333334,0.7320313155650955,6.769199654324517,3.5490950944456996,-2.2715463473325275,0.84375,0.5306122448979592,5.3073109955338165,3.0523888719571417,0.3241561079407189,-0.02052728559227234,22.339243624055502,39.220563221583845,0.5179131679705732,52.63337625717503,2.864984428161179,0.7998455985417914,0.05952940145820862
54571,Cade Otton,TE,63,0.7142857142857143,6.888888888888889,3,1,99.57010582010582,5.701428693438315,4.743499376497166,2.7213474752447855,-0.9184499376708071,0.5714285714285714,0.34615384615384615,5.881394229170616,2.6994951305756083,0.5152391668980318,0.14308784404912808,18.519639401624698,33.558409171929156,0.6020263765473526,44.31839430702923,3.853845729601085,0.7582267350931123,-0.043941020807398035
46118,Dallas Goedert,TE,62,0.7096774193548387,8.0,1,2,86.49193548387099,6.170645313878217,3.898521184534272,2.641907336453221,-1.219488974716398,0.5967741935483871,0.32786885245901637,6.202495424777716,3.912184774590381,0.30937387340168043,-0.35859427570241276,27.52399452385717,47.60657309001172,0.6412023357275645,44.864753391982966,4.187503841778179,0.715384713223161,-0.00570729386832225
54508,Wan'Dale Robinson,WR,62,0.7903225806451613,7.612903225806452,1,0,103.76344086021507,5.017742249273489,4.580492766738277,3.542353839269646,-0.6369237162420757,0.7419354838709677,0.5,5.738930591497335,3.100219003811229,0.21264938086897986,-0.34719249762670723,20.315820623626657,35.1454443176791,0.580022458635254,47.5697525080429,3.6291292801462176,0.8134219759870498,-0.02309939534188854
54518,Alec Pierce,WR,61,0.5245901639344263,8.672131147540984,2,1,86.03142076502732,14.515410126232702,2.760975816692362,2.2806001015052195,-0.6102408250878338,0.3442622950819672,0.2459016393442623,7.01681811945183,4.29680087377794,0.10986470740356692,-0.8701790191807748,35.1204839827715,46.423684840163844,0.7503387583910479,29.17469886769999,5.300284689664915,0.5690612205753899,-0.044471056640963624
54608,Chig Okonkwo,TE,61,0.7377049180327869,7.721311475409836,1,1,94.36475409836066,6.952458678698921,4.865525672377484,3.1747668091779975,-1.006031983943617,0.6557377049180327,0.4528301886792453,6.567770233722696,3.3761058417578536,0.4141211054775092,-0.2203489904323912,21.602252365560666,35.163673820882444,0.5747813474387433,45.47523415496665,3.9219749729799993,0.7518598313939298,-0.014154913361142829
55872,Bijan Robinson,RB,61,0.6557377049180327,6.540983606557377,2,2,81.25,1.0778686257659411,8.163668868958089,4.3285685460161805,-1.964790293394158,0.9180327868852459,0.5869565217391305,6.101140511323385,2.880079801149971,-0.5704550785126665,-0.7660368570109624,18.26016731266427,31.116239206927016,0.6175426752210124,41.72048867034571,3.6750607699859583,0.7944200656229585,-0.1386823607049258
39989,Robert Woods,WR,59,0.5932203389830508,6.593220338983051,1,1,77.57768361581921,9.363559221817265,3.713983588946154,2.38707429600364,-1.3734709104268412,0.4745762711864407,0.3103448275862069,6.395661026874494,4.463634238485353,0.6783949112686666,-0.1996042514454,33.7075196412299,47.818687640261025,0.6897817957958308,40.14883073008617,4.297423387002949,0.6619949157860385,-0.06877457680298771
43399,Tyler Higbee,TE,59,0.7288135593220338,7.88135593220339,2,0,106.95621468926552,5.9237286842475525,4.302070889760042,3.578230964953321,-0.7321926367498552,0.6101694915254238,0.4482758620689655,6.527485842725298,2.956141140883976,0.4707300001005808,-0.014534971801446566,17.832637104400252,27.969491545970367,0.7470450664838606,32.15730856374807,4.753056542239663,0.7063113444853731,0.022502214836660706
44820,Christian McCaffrey,RB,58,0.8620689655172413,7.568965517241379,5,1,119.75574712643677,2.696896273514323,5.189603611480496,4.150060805422219,-0.7180899378556389,0.6724137931034483,0.5471698113207547,5.617893822568011,3.6940892577438196,0.7025609008398493,0.2675094373560306,26.08634638020602,49.88788072281474,0.7229900071429681,33.84406797178354,3.824447241259481,0.7625098575216558,0.09955910799558554
54501,Breece Hall,RB,58,0.8103448275862069,7.551724137931035,3,0,115.37356321839081,0.1881029523652307,6.752156389757169,4.479667797181852,-1.4863741495296614,0.8793103448275862,0.7111111111111111,5.612131409623099,2.6838849411179493,-0.11837107666686555,-0.2662964692222667,18.883533046747537,36.047057518750336,0.48757808041129097,52.41324034377416,3.0513481308024257,0.8586562339933583,-0.04831140640715148
44856,Gerald Everett,TE,57,0.7368421052631579,6.859649122807017,3,0,109.61257309941519,3.557894823843988,5.2875684915333885,3.7928271267802267,-0.9828760208496602,0.7543859649122807,0.5294117647058824,5.5922062923846445,2.892672344194264,0.1985523370256591,-0.22797119422183618,22.361613708078682,40.887294156006405,0.4338988732365432,57.746398097929394,2.8888116505492647,0.8167048408469076,-0.07986273558374979
53486,Tutu Atwell,WR,57,0.5789473684210527,8.070175438596491,3,1,94.18859649122807,12.230526016469584,3.353581950489942,2.461800009239922,-0.9820399800079119,0.47368421052631576,0.3157894736842105,7.245351899427201,4.437967907651924,0.30263301426774303,-0.6281353615425856,32.66774895615521,43.071746576189376,0.7659616971529833,30.43045080981299,5.364765747044779,0.5995346099375242,-0.02058724151647151
55133,Rashid Shaheed,WR,57,0.631578947368421,11.473684210526315,5,3,109.83187134502923,14.773508548736576,3.6975465359156496,2.4346607824926174,-1.1078778552186714,0.49122807017543857,0.3090909090909091,6.846462245821919,3.9634145477540934,0.8448281311346652,-0.1401279412098256,34.10129266549333,47.97091878615451,0.6800574304161545,36.83630397355833,4.801122949439667,0.6343637793618588,-0.0027848319934378196
43336,Michael Thomas,WR,56,0.6964285714285714,8.0,1,1,91.96428571428571,9.010714565004628,3.204940338002491,2.1229708998178727,-1.0819694381846188,0.5178571428571429,0.23214285714285715,5.934429014129696,3.8521704767490212,0.30269767149513854,-0.43298553702446074,30.101910483914292,52.715171171473116,0.5689040868618787,47.44618962657147,3.686528002802345,0.6554615504013308,0.04096702102724059
43324,Hunter Henry,TE,56,0.7142857142857143,7.125,6,0,127.00892857142858,7.960892749684201,3.0767376242681928,2.1964415783375015,-0.7012255532021047,0.35714285714285715,0.2909090909090909,5.986184325679831,3.801745191320578,0.6518422872356986,-0.0028977769018141896,27.879193291977327,44.678452337735735,0.6489671260232928,41.93870054550533,4.095743877483996,0.6770646498000074,0.037221064485706945
56075,DeMario Douglas,WR,56,0.5178571428571429,7.446428571428571,0,4,46.502976190476204,11.255356924874434,3.2515975360655576,2.5538016750904275,-0.5498714443599734,0.4642857142857143,0.34545454545454546,6.837993775058229,4.312674395103934,0.7583199283908656,-0.2343263546347031,31.88173832630893,50.52192706641064,0.7347377658650016,33.64896284727775,4.776639776640629,0.5766601146712746,-0.058802971814131744
44849,Zay Jones,WR,55,0.5454545454545454,5.181818181818182,1,2,60.03787878787878,12.964545572887758,3.493512068470449,2.5057268154301986,-0.980506901891262,0.5636363636363636,0.3018867924528302,6.515631873237107,4.117438173845305,0.6585967292489253,-0.44432435507150153,36.96128617853872,50.89944977434487,0.677953784617292,38.51514013469818,4.55299895242274,0.6180038130478966,-0.07254926759335123
56056,Trey Palmer,WR,55,0.5454545454545454,6.4,3,1,84.81060606060605,12.27254536368629,2.907409770666022,2.4156167367504686,-0.3210027722725429,0.38181818181818183,0.2641509433962264,6.455367255768341,3.9152583277039743,0.5566340714675267,-0.18629684179200365,28.444134659735514,45.268372214927744,0.7041220933284197,37.97602079809778,4.5163105850766945,0.6219778578852349,-0.07652331243068944
44912,Jonnu Smith,TE,55,0.7272727272727273,7.945454545454545,1,1,94.28030303030303,5.818727337230332,5.055946677576262,3.190366115309451,-1.1295149334567414,0.6909090909090909,0.5319148936170213,5.585385760026032,3.0870969265940538,-0.7618484014796888,-1.1157185462583636,23.226225784299483,45.243689884283675,0.44342629702806563,58.447200795718544,2.4327554985762374,0.7850932061741581,-0.05782047890143083
41238,Odell Beckham,WR,55,0.6363636363636364,10.327272727272728,3,0,116.32575757575758,13.431090749393821,3.1272204229998084,2.7021117234124743,-0.45879214426312726,0.41818181818181815,0.37037037037037035,6.505680886091155,3.7647042135871116,0.6438841666403332,-0.18155293174979523,31.24314707086113,43.138504184404304,0.7095662826438794,36.3677130022463,4.640343972928739,0.5964969434252256,0.03986669293841072
44930,Josh Reynolds,WR,55,0.6545454545454545,10.836363636363636,5,0,132.08333333333334,11.82636326659811,2.537761703619484,2.1651266417958617,-0.43081854315618157,0.2545454545454545,0.21818181818181817,6.535459188811779,4.594639368178572,1.2667786146536635,0.31435226592684273,28.702430419315068,45.58415777368565,0.7679279934004954,31.864691557516426,4.674024933781119,0.5808637620618131,0.07368169248364143
46155,Mark Andrews,TE,54,0.7592592592592593,9.907407407407407,6,0,143.67283950617283,8.140925818019435,4.492173340034726,2.7881624833753857,-1.1539243629313907,0.6296296296296297,0.37254901960784315,5.724857140470948,3.288657909993233,0.2291521551340557,-0.6040630491711941,26.524346013131268,43.52238956225768,0.6159594910088209,43.32208173321474,3.702448196679167,0.7361763320962761,0.023082927162983213
55885,Quentin Johnston,WR,54,0.5370370370370371,6.685185185185185,2,1,79.320987654321,13.516481399536136,2.7427402389146325,1.9408330145704902,-0.7029378670893884,0.3148148148148148,0.16981132075471697,6.3655216632886855,4.1642094080754095,1.068389322752679,-0.4005865688963454,35.1512779857548,55.80603915631658,0.636247840893897,40.668962709609374,4.044707946372809,0.5649700839568831,-0.027933046919845994
53456,Rashod Bateman,WR,53,0.5660377358490566,6.490566037735849,1,3,59.001572327044016,13.969245150404156,2.680059066950759,2.4724422682816027,-0.2076167986691556,0.39622641509433965,0.32075471698113206,6.627277953173847,3.868793281843666,0.3644341576457373,-0.6309675748649559,35.82821065214327,53.42852494779026,0.7951265567692138,29.75886739978074,4.9979492849589935,0.6303008408563489,-0.06426310500729226
54556,Rachaad White,RB,52,0.9230769230769231,7.788461538461538,1,0,105.52884615384615,-0.06423090054438542,7.950130984860968,5.040550494351292,-1.1843633464082453,0.8846153846153846,0.7,4.982169554407216,2.395027408219157,-0.6102797659727874,-0.5742187200942371,15.098995068800983,26.99565282258262,0.4608133975608799,54.76418702106757,2.3471353722552766,0.8813587725749537,0.041718150501969475
55876,Jahmyr Gibbs,RB,52,0.7692307692307693,4.3076923076923075,1,1,82.53205128205127,0.8709610792306675,7.123337538538714,3.5485515450071676,-2.182439924920591,0.9038461538461539,0.5853658536585366,5.348303247235291,3.3417383534551317,-0.5084469600107995,-0.552768781808923,22.552674081414974,47.654435703993755,0.5943272028421882,41.418728413316714,3.299287914199842,0.8104853533644795,-0.04125458413371019
46130,D.J. Chark,WR,51,0.5882352941176471,9.352941176470589,5,0,122.75326797385621,13.79549022749358,3.4544059170102996,2.215436517155612,-1.2415552573893467,0.43137254901960786,0.19607843137254902,6.8076490316502465,4.443359484654183,1.3144935061716725,-0.018802853772024158,36.07761507096081,56.568128032156686,0.7549603190024516,33.56397019533599,4.892534362805693,0.5760238688915483,0.012211425226098749
55959,Michael Wilson,WR,51,0.6862745098039216,10.450980392156863,4,2,112.62254901960785,11.348627071754596,3.6410033956344576,2.4386985224788984,-0.8406208720366118,0.49019607843137253,0.2857142857142857,6.166156814884504,4.360737657987338,0.4291402523342261,-0.8394977667763296,35.53274093001891,53.220128617866806,0.7288248774965179,35.8064168283336,4.190599491298586,0.5964250374604292,0.08984947234349239
53506,Josh Palmer,WR,50,0.64,11.0,2,1,106.25,12.015400104522698,2.933264223648939,1.959076047760394,-0.8548808682628594,0.34,0.16326530612244897,6.274472442430965,4.026272185457508,1.219554517013667,0.11712451195816279,32.79460247952726,52.49068619745509,0.6655201711039318,40.23296789121903,4.294072323931113,0.588471317890179,0.05152868210982098
52942,Juwan Johnson,TE,50,0.66,6.48,4,3,85.75,7.623799750804904,3.498227758678716,2.56753321582454,-0.6753380570633993,0.46,0.3404255319148936,6.10483516216634,3.798060174299252,0.8465618095431182,0.2028581514892361,31.68425396212454,52.77375968724595,0.6323021227115949,42.461832556012126,3.873552062566749,0.6781191630228852,-0.018119163022885187
46150,Michael Gallup,WR,50,0.6,8.24,2,1,91.41666666666667,11.39619992256165,2.859546000655173,2.08312551197478,-0.6758330426310382,0.36,0.24489795918367346,6.000707249099371,4.277382253182208,1.0514952396536492,-0.17795949408600237,39.19869480540858,65.69926361835547,0.5501186578566235,46.05667121957714,3.716710578791917,0.6215113669680417,-0.02151136696804168
47911,Tony Pollard,RB,49,0.7959183673469388,4.73469387755102,0,0,86.39455782312925,0.818979419007589,6.936834552886197,3.6635903583972573,-2.1607508113299496,0.8775510204081632,0.43243243243243246,5.567938731725372,2.887198034713139,-0.6301832893060111,-0.5820870740556217,15.361568982081218,31.91161622740529,0.6592351091563917,35.25246616554161,3.612620064137046,0.8058310556843982,-0.009912688337459397
45573,Austin Ekeler,RB,49,0.6938775510204082,5.26530612244898,0,0,81.84523809523809,0.07448998276067989,7.641077242659407,4.28251073800532,-1.0671477600709784,0.9183673469387755,0.6206896551724138,5.758302806632848,2.724587775599489,-0.2593886568842466,-0.5223726746589941,18.55233281211699,31.05377843867976,0.5068013817582111,50.036200632110365,2.9931020914539013,0.8031240852467437,-0.10924653422633557
42357,DeVante Parker,WR,48,0.5833333333333334,7.5625,0,1,73.52430555555557,12.19062509139379,2.7211782214947338,1.5850243044925687,-1.136153917002165,0.3333333333333333,0.125,6.47597256007981,4.259490575533909,0.5469249129095552,-0.8735298632454657,31.25709400884109,49.89043733476861,0.6656945486120928,37.76106854446094,4.454883747001442,0.5864382078512006,-0.003104874517867229
54499,Christian Watson,WR,48,0.5208333333333334,7.708333333333333,5,4,77.60416666666669,15.909791221221333,3.3945915781899694,3.078699908855989,-0.21901970586604705,0.5416666666666666,0.3829787234042553,6.9701488956394115,4.4513815727387245,0.4957219239198265,-1.108479367625167,35.74285624522614,48.14273422194021,0.5988596138474364,47.9094205294136,4.352058007394715,0.6041129991503772,-0.08327966581704382
45185,Kendrick Bourne,WR,48,0.6875,8.1875,4,3,95.22569444444443,11.099166492621114,3.582559098661194,2.5534334148059328,-1.0401119586753222,0.5,0.3829787234042553,6.255256069799581,4.369877160862443,1.5175321967889122,0.4655361189694343,32.37408275566093,53.955409502421354,0.7093940853587162,37.62023864287679,4.268759324076359,0.648400895522274,0.03909910447772602
56024,Dontayvion Wicks,WR,47,0.7021276595744681,11.25531914893617,3,1,119.90248226950355,10.587660079306731,4.06533900077253,3.003851434487923,-0.9986263405626967,0.6170212765957447,0.41304347826086957,6.023354223622459,4.399741650901655,0.9553398008701034,-0.26744695623217646,31.726372544098947,50.21667555948793,0.6414064195461936,43.16073198026379,3.912563492549785,0.6815941416592186,0.02053351791524949
46213,Justin Watson,WR,47,0.5106382978723404,9.0,2,2,78.5904255319149,17.720000246737843,3.4820676159238113,2.4524024868677037,-1.1418039248743628,0.46808510638297873,0.23404255319148937,7.163772581454675,4.458654509403218,0.5567404458256674,-0.9601871909765791,31.559426748477453,42.31491713496503,0.6884868496815665,38.933040083232996,4.984134347965282,0.5436417298317332,-0.033003431959392815
46705,Allen Lazard,WR,46,0.5,6.760869565217392,1,1,70.1086956521739,11.456956448762305,3.2068713743701722,1.9948466799862687,-1.2055454904651688,0.4782608695652174,0.17777777777777778,5.984110767142426,4.894220638934341,0.9482062639351865,-0.3986006117338423,35.8133303189095,61.242210265396785,0.6865578060535782,39.38974021767665,3.7651471595035217,0.6239062711064147,-0.12390627110641472
46797,Tanner Hudson,TE,45,0.8,7.844444444444444,1,1,97.50000000000001,5.007333458794482,4.09636462307526,2.7267865131221636,-0.9720288628411393,0.6,0.37209302325581395,5.2684348181644545,3.965609681894338,0.04926271255101587,-0.6030534902546246,33.999177306554074,58.89918584493331,0.5232771589850532,51.8801981495115,2.705755434628384,0.7462439595662965,0.05375604043370352
53478,Rondale Moore,WR,44,0.6363636363636364,7.386363636363637,1,0,93.46590909090908,7.254318187182606,5.556012844740421,3.5755292804836105,-0.9230422015256091,0.6363636363636364,0.5526315789473685,6.544321305576583,3.051466687981443,0.5068056636852163,-0.04482745112357816,19.839385930912744,28.251928755109887,0.6978113183237676,35.26348185045374,4.728186414173229,0.6873547987260896,-0.05099116236245327
52581,Darnell Mooney,WR,44,0.5227272727272727,8.840909090909092,1,3,61.64772727272728,11.415681622245087,3.8584032386668152,2.487295163643693,-1.3239205890311512,0.5681818181818182,0.2926829268292683,7.029571791821365,2.9946042641554773,0.5190389841851416,-0.25635457330280326,23.0597488788334,33.91245260612041,0.7485551418765879,32.85716676066783,5.224979475161633,0.6253177819108903,-0.10259050918361756
54621,Jerome Ford,RB,44,0.75,6.9772727272727275,5,0,131.5340909090909,1.2827269163998802,7.055092749643473,4.129590394826497,-1.9523874687753595,0.9090909090909091,0.6,5.4620788012527735,3.0620117063473318,0.09032062115466952,-0.22082749805781468,22.636303616634493,43.13648493884399,0.6191020431342067,41.20234348637791,3.4081815052734252,0.7704532797722408,-0.020453279772240762
44927,Samaje Perine,RB,44,0.9545454545454546,8.522727272727273,0,0,102.1780303030303,-0.12999994104558157,8.932533823495648,5.579018532526291,-1.6480122542827234,0.9318181818181818,0.8076923076923077,5.224269391355603,2.613382795530964,-0.7799579058571414,-0.7718567818102453,16.971476155996697,33.991749323451735,0.43796591997081935,55.572526928869735,2.4821657489589786,0.901745427256655,0.05280002728879962
45052,Noah Brown,WR,44,0.6136363636363636,11.659090909090908,2,0,116.95075757575759,12.705681735819043,3.886381920903271,2.7497868419774814,-0.9732484129208374,0.5,0.3488372093023256,6.638340905026902,4.582332845882077,0.7204284537315346,-0.38715989241307547,39.09523999186897,57.95912522021177,0.6757618166455334,40.821804695945495,4.288869700583574,0.6624120572411636,-0.04877569360479994
54528,James Cook,RB,42,0.8333333333333334,9.738095238095237,4,0,138.98809523809524,3.028095585959304,6.848382350517806,5.020726748273537,-0.5361126307593316,0.8571428571428571,0.6774193548387096,6.345117042981154,2.7774019127232243,0.23120114378989237,0.04004898100673314,21.02797787131547,31.500856651156123,0.5811379727368161,44.854306081069,3.931616028061322,0.787795159935277,0.045538173398056325
54905,Jaylen Warren,RB,42,0.8571428571428571,4.738095238095238,0,0,86.40873015873015,-1.4788101287115192,8.577045916585027,3.990262417900641,-2.564876415422791,0.9285714285714286,0.625,5.965504349126911,2.8143634003843685,-0.22503328942941853,-0.3705957567175314,19.563107019638036,34.35576893076923,0.6206172012303665,41.85169686242888,3.7534745946960144,0.8377962638197137,0.01934659332314337
53556,Kylen Granson,TE,42,0.6428571428571429,8.80952380952381,1,0,100.29761904761905,8.8521430832999,3.7444296659350518,3.1295591082525656,-0.5653083880424705,0.5,0.41025641025641024,6.566683048190418,3.5889668067218294,0.5788289889319999,-0.3231228583740744,26.516212636418693,44.27140637167171,0.7237932638562095,34.369058276882015,4.6789381341901315,0.6941795860749368,-0.05132244321779389
46192,Durham Smythe,TE,42,0.8333333333333334,8.714285714285714,0,0,102.97619047619048,5.708333492279052,5.183133320814005,3.687647980749114,-1.0998039222449731,0.7857142857142857,0.5853658536585366,5.862276175906506,3.0450275092591164,-0.38879612494321636,-0.7245507333786152,20.19715932313851,34.73621843687777,0.5529841653608571,48.05153768182122,3.3651082232692575,0.7872832853803138,0.04605004795301959
52474,Antonio Gibson,RB,42,0.8809523809523809,6.904761904761905,2,1,101.3888888888889,0.448095003763824,8.542162861877607,5.555223618100243,-0.8821287347469671,0.9047619047619048,0.6785714285714286,6.735946771145713,2.53262994549915,-0.23736134306566728,-0.45977163857979064,14.796717995388763,21.351162919875158,0.6662534965966569,36.194390051134995,4.554683944945798,0.8398925800359468,0.04105980091643413
46071,Saquon Barkley,RB,41,0.7073170731707317,6.219512195121951,4,2,99.13617886178862,2.95609774240631,7.396819855338838,5.687109066217115,-1.1855672317227492,0.7804878048780488,0.6666666666666666,6.520637234697355,3.173420073622753,-0.07579716236464544,-0.547095009113559,19.663926905774044,27.97020527507774,0.65961412783934,39.62086750458662,4.275884012377787,0.7414524008197302,-0.034135327648998515
47803,Noah Fant,TE,41,0.7560975609756098,9.853658536585366,1,1,104.1158536585366,6.4524390290423135,5.582172434355097,3.7583673378699545,-1.6118220145511823,0.8292682926829268,0.6052631578947368,6.251277743469619,3.124131624856447,-0.047864349548270305,-0.4884550122770893,18.414992345571726,31.72296178570475,0.5918119955539878,43.220823047658065,3.8558209409108883,0.7449779345549787,0.011119626420631024
53464,Javonte Williams,RB,41,0.8292682926829268,4.487804878048781,1,0,93.4959349593496,-1.1865858682771966,8.971696320950352,5.65582183326234,-1.486208956580215,0.9512195121951219,0.8333333333333334,5.042250392131075,2.3678918115041814,-0.3797124743229068,-0.3363207277142285,16.68079292278552,30.817980661780084,0.413238255836993,58.23451765801357,2.4437525088413734,0.8657565552145831,-0.03648826253165627
41290,Allen Robinson,WR,40,0.8,6.725,0,1,84.27083333333334,6.495500469207758,4.267935568219356,2.746054291744586,-1.6713248124970512,0.725,0.4,5.575849559686561,3.493781539824302,0.6219723283766858,-0.15084083514942065,25.820753557819906,48.15417407046189,0.6087118910569789,46.442712846602035,3.3273871798059873,0.7183408624790221,0.08165913752097798
46111,Mike Gesicki,TE,40,0.7,5.825,2,2,80.52083333333333,7.544000199437145,3.719136802743537,3.089703261692715,-0.5441174492429396,0.475,0.38461538461538464,5.923495579166469,3.5746791732762047,-0.15344143542624772,-0.7071332766773917,27.51520431159222,48.04376129039767,0.6450859182593665,37.23673048999109,3.989108273002855,0.7097594003653963,-0.009759400365396353
53454,Travis Etienne,RB,40,0.875,8.075,1,0,108.64583333333333,0.5787502288818255,8.185894427883337,3.970499938252554,-2.399528189462899,0.925,0.68,5.728447472048119,2.592143494216882,-0.5763359405140647,-0.46119914724728783,17.341090903448123,33.46197079076802,0.5670385187583331,43.318682893431536,3.2761081892655732,0.8509382092052423,0.024061790794757676
53555,Chuba Hubbard,RB,39,0.9230769230769231,5.871794871794871,0,1,80.44871794871794,-1.314358540070353,10.117378465975749,5.693848032255704,-2.6411125331318326,0.9487179487179487,0.7619047619047619,5.183396208299082,2.892297937978728,-0.5694240178620169,-0.8555984437712698,21.811511092704006,39.47716371763175,0.5531680619028558,45.672035174450556,2.69995157309924,0.9082629837124512,0.01481393936447195
53484,Pat Freiermuth,TE,39,0.7435897435897436,7.82051282051282,2,0,113.72863247863248,6.87025646062998,3.858526607057446,2.831613995800643,-0.9154681251768672,0.5897435897435898,0.47368421052631576,4.802104244625231,3.4683684443977767,-0.5864925284330014,-0.8859015789284945,29.80368762461166,58.66477877128791,0.4321209839470239,53.610801067707094,2.4673101619333795,0.7680155800000791,-0.024425836410335466
44860,Joe Mixon,RB,39,0.7948717948717948,4.3076923076923075,3,0,110.25641025641025,-1.8535895469861412,8.452540038455924,5.035052020121451,-1.8675483883006323,0.9230769230769231,0.6551724137931034,5.752896550470434,3.1274103174591263,0.03795640423008063,-0.4403517833925255,22.988633380665334,41.96427958096894,0.5619081048430509,48.369285453143306,3.2249600483830045,0.8690561927322193,-0.07418439786042452
52465,Van Jefferson,WR,39,0.46153846153846156,5.333333333333333,0,4,23.18376068376069,16.192820420632007,3.42386501690224,2.121856306232735,-1.3020087106695049,0.5641025641025641,0.23076923076923078,6.443695714642699,3.946775851246865,0.2685237739712608,-0.7236639386189996,30.467788480368192,48.88635838537209,0.734823688695999,34.0582876001679,4.523300164512207,0.6026148937414737,-0.14107643220301214
54613,Khalil Shakir,WR,39,0.8461538461538461,13.333333333333334,3,0,144.39102564102564,9.138461039616496,3.9785243747842927,3.2660229926338666,-0.7125013821504265,0.6410256410256411,0.4358974358974359,6.675372338983645,3.4260464577616765,0.5501201006185448,-0.15517670243120366,23.32465154659116,38.7697788744952,0.7777596876413746,31.336919588668135,4.877005240722827,0.7056717267705199,0.14048211938332622
47807,Josh Jacobs,RB,38,0.7368421052631579,7.157894736842105,0,2,71.38157894736842,0.8631575734991946,6.97594577338518,4.471561439948628,-1.5365128693825467,0.8421052631578947,0.6538461538461539,4.72174965843445,2.792051921539619,0.3362581959955084,-0.03874980350382583,21.985686842936204,39.42528224003029,0.5023001977738417,52.463354915833094,2.7234949675942155,0.8108598946183998,-0.07401778935524195
44874,JuJu Smith-Schuster,WR,38,0.5789473684210527,6.026315789473684,1,4,44.62719298245614,8.676579224435894,2.9295675960466285,2.0649003830397348,-1.0129707689679777,0.34210526315789475,0.18421052631578946,5.893734078629092,4.204408723641926,0.6261825236537605,-0.7300162149763553,38.625119584564786,63.51033481795214,0.6217799489991517,40.80921534520148,3.618575591457562,0.6554196215433697,-0.07647225312231709
53591,Noah Gray,TE,38,0.7105263157894737,7.605263157894737,2,1,99.56140350877193,6.130000029739579,4.754979845246913,3.083010991375921,-1.0722138360635414,0.6052631578947368,0.48484848484848486,5.429240118103141,3.2500623961267987,0.3400123996024726,-0.3718454736369995,23.721258273457526,40.396540262762855,0.41433294089501826,57.01405050894367,2.827174031595519,0.7573890623328825,-0.04686274654340883
53074,Nick Westbrook-Ikhine,WR,38,0.7105263157894737,9.5,3,0,127.19298245614034,9.714473046754515,3.2877629839106275,2.7457350382833456,-0.3127966254929619,0.5526315789473685,0.3333333333333333,7.125950044536586,3.1305413999375697,0.6113384948287522,0.0013318969710314793,19.00047966143443,27.84972169447041,0.7050603281505039,38.66737480498131,4.773868110646067,0.667758436402414,0.042767879387059726
46243,Marquez Valdes-Scantling,WR,38,0.5263157894736842,8.131578947368421,1,1,77.63157894736842,17.231841995527876,4.139801396924165,3.7592379716461415,-0.3939303363828792,0.5263157894736842,0.5263157894736842,6.58522657997082,4.4375110258761135,0.3553216453926363,-1.1715751063472064,41.70660563491996,63.147916447856055,0.6290849786892727,43.08656480563228,4.252609477552001,0.6515057314669822,-0.12518994199329803
42363,Nelson Agholor,WR,37,0.7837837837837838,9.27027027027027,4,1,130.06756756756758,9.871351493371499,4.1124518589191865,3.1766147355719228,-0.8729981049850294,0.5405405405405406,0.4444444444444444,6.264695657966192,3.3840714832995573,0.006736636671597572,-0.44080390533971986,22.61618810920258,36.69631967212851,0.7048649730759458,36.38027885279699,4.479260718043003,0.7190488841817055,0.06473489960207823
46830,Brandon Powell,WR,37,0.7027027027027027,8.243243243243244,1,0,103.99774774774775,8.429459236763622,3.0640930566430447,2.5229976133496717,-0.5410954432933736,0.4864864864864865,0.3783783783783784,5.721712743511365,4.467079276379717,1.353229821566514,0.03769260813382035,34.716841008102875,63.10676706063093,0.5968215774551046,44.816374262041165,3.4733966229847404,0.6627581375049953,0.03994456519770739
55907,Luke Musgrave,TE,37,0.7027027027027027,7.513513513513513,1,0,100.9572072072072,7.364864710214965,5.2438817769101815,3.7795658792801428,-0.5919648856496118,0.5945945945945946,0.5625,6.433753077028942,3.135695678971701,-0.1853433978048593,-0.47873738213996886,18.98256396322029,32.23674871180795,0.5588560670547503,49.14772304379401,3.8081978203512783,0.7484204742308178,-0.04571777152811507
48456,Donald Parham,TE,37,0.6756756756756757,7.216216216216216,4,0,124.49324324324324,7.667297256959419,4.036362651431249,3.0235035964709933,-0.33186743716375783,0.5675675675675675,0.37142857142857144,5.765993159600347,2.9994785424712203,0.4357812861530715,-0.1700970635116433,19.310209432126555,33.697938226596605,0.5607859756622702,48.82709314691419,3.296248723195929,0.7013365103867656,-0.02566083471108993
46277,Cedrick Wilson Jr.,WR,37,0.5675675675675675,7.486486486486487,3,1,96.3400900900901,10.302432163341633,3.2453682303046856,2.353662386581386,-0.981763940882453,0.4864864864864865,0.2702702702702703,6.678069696632724,4.6436165315286555,0.39987764626080596,-0.5439167875020205,40.45046763562018,50.18080864435835,0.6993664438525302,40.01607305677921,4.251796425057845,0.610568251190819,-0.04300068362325149
55900,Michael Mayer,TE,37,0.7297297297297297,8.621621621621621,2,1,105.57432432432432,5.682972585832758,4.3400006072650745,2.8472118862443025,-0.7343998610936131,0.5945945945945946,0.34375,5.971998672069317,3.255881773960209,0.26747120874578717,-0.3044535557080041,26.324322721884503,38.01648779970471,0.6775526231415793,39.605660750553824,3.9389831774730246,0.7677131165362951,-0.03798338680656543
55939,Cedric Tillman,WR,37,0.5135135135135135,6.1891891891891895,0,4,31.08108108108108,11.750000154649882,2.737010007570349,2.092404458218971,-0.40209008424331233,0.3783783783783784,0.2857142857142857,6.5897684833377,3.96201548511761,0.28478181640253675,-0.5747420897869201,30.292545287986158,53.8733858181591,0.7201082538449303,34.421828367070816,4.57136382967228,0.5976538526622279,-0.08414033914871444
39983,Zach Ertz,TE,36,0.6944444444444444,5.138888888888889,1,2,67.47685185185185,6.822222047381916,3.5657107867002815,2.526029133649038,-0.47341844885794815,0.5,0.3125,5.498193853824542,3.754551160528027,0.15006861131127827,-0.4101004277070056,28.267191187068974,45.418665254832504,0.7367358952115927,36.29763582888856,3.7076637983350023,0.7272799078780695,-0.03283546343362509
55938,Jalin Hyatt,WR,35,0.6,10.114285714285714,0,2,70.41666666666666,19.478285108293818,2.9957126395370306,2.185519043794323,-0.7200742918322104,0.37142857142857144,0.2647058823529412,7.442106196485948,3.5250075086168073,0.5824915596999855,-0.4419577525571281,30.514350140513773,38.187177272790926,0.7821736645017896,29.525139419635025,5.703474515814296,0.5228211194903322,0.07717888050966781
45244,Taysom Hill,QB,35,0.8857142857142857,8.028571428571428,2,0,119.16666666666667,4.9125710896083294,4.509709548942744,3.470559302034872,-1.127741141174663,0.6285714285714286,0.5151515151515151,5.705644364168312,3.0570560390657366,-0.17521756865907367,-0.6634812034367215,21.909900902315847,43.50607138064866,0.715565685084452,33.823676857390545,3.8870726465253607,0.7919977142744106,0.09371657143987511
54604,Isaiah Likely,TE,35,0.7714285714285715,11.057142857142857,5,0,152.02380952380955,6.90657092503138,5.379258953902444,3.962769039729322,-0.963765203041482,0.8,0.53125,5.670744340139461,3.1797082666756666,-0.07763090813353264,-0.6184272306493058,22.680783120767625,48.31060902770292,0.5643545639095494,48.60159556611775,3.4388353091518136,0.7517462054792164,0.01968236594935502
54477,Jameson Williams,WR,34,0.5294117647058824,10.617647058823529,2,1,97.79411764705883,18.418529496473397,3.9887536419080685,3.251722396618327,-0.7404868491514531,0.5882352941176471,0.47058823529411764,7.849368145643977,4.267810236339771,0.630140500639748,-0.7132367811642479,33.900080778846466,44.804666079238096,0.7376913490180822,32.31114238899,5.715280786251492,0.5817602300857663,-0.05234846537988391
43415,Demarcus Robinson,WR,34,0.7352941176470589,10.676470588235293,3,1,125.0,10.817353157436155,3.564648713008504,2.900588929074406,-0.45046934213232964,0.5294117647058824,0.5,6.280465272842723,4.04895206212109,0.9808799698638893,-0.16235333944698285,32.18010777314286,46.40169482257923,0.6532723417125412,39.22833270499754,4.3124583904368246,0.6431032514044145,0.09219086624264439
48646,Greg Dortch,WR,34,0.6470588235294118,7.970588235294118,2,0,108.82352941176472,8.824706582462094,4.309863595398187,3.0078315400781688,-0.9356268680170297,0.5588235294117647,0.41379310344827586,6.32274998238223,3.513581078391554,0.5082375551005847,-0.09713546337050526,21.115121524431924,34.77350972021248,0.7725402554940661,32.8841716374406,4.694094709120441,0.6592236078375638,-0.012164784308152043
53549,Rhamondre Stevenson,RB,34,0.7352941176470589,4.5588235294117645,0,0,82.3529411764706,0.7211763718548913,6.673906694939242,4.614100150456303,-1.0544641243487765,0.8235294117647058,0.5925925925925926,5.541364304075666,3.2130767748739757,-0.2539186145563731,-0.3459138090888804,22.993401202633862,40.51046456796739,0.6096405003603956,38.658635601148006,3.5333206106305712,0.8095047757310474,-0.07421065808398852
55917,Zach Charbonnet,RB,33,0.8181818181818182,4.03030303030303,0,0,83.45959595959597,-1.1560603055087035,9.363806962176305,4.495374738004191,-2.2576174506317717,0.9090909090909091,0.6875,5.236198157429183,3.2302228250045353,-1.0641717847463708,-1.1380934062830987,16.634636498624044,34.012333153344706,0.43118097400445193,58.45687025236464,2.528397139947791,0.8813922848189094,-0.06321046663709118
43293,Ezekiel Elliott,RB,33,0.7878787878787878,5.090909090909091,3,0,118.18181818181819,0.8690907738425552,7.024410122011099,5.0781746930359954,-1.6609783504316626,0.8484848484848485,0.6551724137931034,5.5435266239021965,2.7837883934586167,0.2789430513441357,-0.010141944908281374,16.935364731002338,29.993907696347055,0.5804901170002341,43.750956158786295,3.5218614450842423,0.8620595370747123,-0.07418074919592443
47879,Dawson Knox,TE,33,0.6363636363636364,5.515151515151516,2,2,73.04292929292929,6.110606063495962,4.777091919748595,3.955927985465352,-0.3249311362040081,0.7878787878787878,0.6,6.17680478896663,3.045031573810733,0.040196250659113295,-0.5279034763482625,18.48320124667953,32.98753415651889,0.6388842669170456,41.429112789727654,3.8144243513331313,0.7777093101622098,-0.14134567379857343
55943,Tucker Kraft,TE,33,0.8484848484848485,10.090909090909092,2,0,128.91414141414143,4.2209094076445455,5.426491670192106,4.310660568858148,-1.2044146605291168,0.7878787878787878,0.6666666666666666,6.2465588542861195,2.8507799428685368,0.2105889940020386,-0.2881507206391079,19.779865220149986,33.90482675142157,0.6307894182028981,41.935232011127916,3.9815167413718098,0.7975052099124651,0.05097963857238341
43584,Kalif Raymond,WR,33,0.7575757575757576,11.242424242424242,1,0,122.15909090909092,10.130000201138586,3.8076105700129586,4.073053278280619,-0.3590655178928793,0.6666666666666666,0.48484848484848486,6.3511683754860915,4.540463748839538,-0.5511319283614965,-0.9689719822983299,31.40842802145375,53.44558910326944,0.7074711266866858,36.034476398104204,4.244427684073358,0.6349160891473791,0.1226596684283785
55946,Tyjae Spears,RB,33,0.696969696969697,5.0,0,0,80.99747474747475,1.818484710924545,6.922384631918348,3.588156528718313,-2.1751379218744007,0.8787878787878788,0.6,5.653894673456189,3.16122685586099,-0.07517865618183835,-0.39990371526883933,19.58006345743962,35.22966276444155,0.5564374485288406,46.52526543362667,3.3959042613123214,0.7973384059955645,-0.10036870902586748
54716,Isiah Pacheco,RB,32,0.875,5.3125,1,0,99.21875,-1.1671879291534475,9.976277587476027,4.9288298724366,-2.210272320975077,0.96875,0.8235294117647058,5.348192827905892,2.633713562094388,-0.7758355042270668,-1.0175736811254357,17.587195140224114,31.8085665972244,0.41111568921086095,53.87269734189301,2.238300671580479,0.8243348512124001,0.05066514878759987
52615,Isaiah Hodgins,WR,32,0.65625,7.625,3,0,119.79166666666667,8.287499181926256,3.2227160281313045,2.703861472218111,-0.917118163646819,0.46875,0.1875,5.776424746342497,4.263801747648903,0.7538147634019606,-0.11527098669691097,31.945196809436187,58.174936427727786,0.6778085003257536,38.69917500701829,3.6627678486642568,0.6515016114874671,0.004748388512532897
52443,D'Andre Swift,RB,31,0.7741935483870968,3.774193548387097,1,1,79.63709677419355,1.4751613678470645,7.826798456828459,4.500443545645505,-1.7986715062580854,0.8064516129032258,0.6956521739130435,6.100910158421885,3.1015102603592353,-0.3310956482090675,-0.5643052380095773,25.060590460007926,34.1971790888945,0.5484354674960605,46.40104533496653,3.3010396447018517,0.7870214485342398,-0.012827900147143079
47885,Alexander Mattison,RB,31,0.6774193548387096,4.870967741935484,2,0,100.33602150537632,1.124516548648967,7.426728049139306,3.8563150829560087,-2.18800175929927,0.8387096774193549,0.5,5.198924555288991,3.30432626881194,-0.5828469103893964,-0.9681441053966,32.001281507314104,58.93427042771151,0.3516558073194747,63.41882706688467,2.3231980742202016,0.8131467218793813,-0.13572736704067168
53453,Najee Harris,RB,30,0.9,5.466666666666667,0,0,89.44444444444444,-0.20133355458578575,8.101364835426896,4.515313651308395,-1.6984286059843787,0.8666666666666667,0.5714285714285714,5.791175332574835,2.41999649552027,-0.4190212285538239,-0.5642968151680462,16.11488073802844,27.383460331486862,0.6007919808199641,41.611746946869616,3.436924991189101,0.828314855764752,0.07168514423524808
54519,Skyy Moore,WR,30,0.5666666666666667,6.866666666666666,1,2,61.24999999999999,8.681999921798713,4.262126197461923,3.4026966386893616,-0.9056238853524621,0.6,0.4827586206896552,6.347350236620225,4.016461029073169,0.4133793835382908,-0.3786678187375737,29.765055739583868,48.287347438262486,0.5915924253734571,45.18337705789019,3.628565965004264,0.7440896763035771,-0.1774230096369105
54629,Kyren Williams,RB,30,0.6,4.2,1,1,66.80555555555556,2.170000076293933,7.0738150516314455,3.9645499847507613,-1.5287242984995715,0.8,0.6363636363636364,5.651667227717796,3.105972137323177,-0.04738614764157347,-0.3058496538260471,23.553280220719753,44.4746577701958,0.6022733575609709,44.71700877865176,3.618920174985372,0.6984512419271625,-0.09845124192716248
55965,Tre Tucker,WR,30,0.5666666666666667,11.1,2,2,89.99999999999999,19.153666591644296,3.150932000079324,2.6078481979436274,-0.4619420101436868,0.4666666666666667,0.3793103448275862,7.568330925792384,5.204739181430112,0.6609467372743674,-1.6734431386880384,47.15895645770796,82.36485674072195,0.5735017821664272,46.386782763100676,4.568642582811922,0.5916830241082834,-0.025016357441616788
54553,Jalen Tolbert,WR,30,0.6333333333333333,8.233333333333333,2,1,97.5,13.69733319282533,2.693449837167959,1.8617669096781235,-0.8316829274898357,0.4,0.16666666666666666,6.020145892604938,5.025387492500816,1.161663806208025,-0.7788695793381921,52.12220447400062,97.09006298342113,0.5996324345603804,43.387236392880055,3.556797420318405,0.5969775363008214,0.036355797032511905
43370,Austin Hooper,TE,30,0.8,7.433333333333334,0,0,97.63888888888889,3.2703331629435204,5.482087574506878,3.9073351178579,-0.9186378711476073,0.6666666666666666,0.44,6.008064184106558,2.8717334222947812,-0.1565706672860481,-0.554465480074163,17.111790949078088,28.9561583183546,0.5393629677401404,48.58757625867749,3.3544168790646602,0.8191457395922589,-0.019145739592258848
52513,Adam Trautman,TE,30,0.7,6.533333333333333,2,0,109.8611111111111,6.207666492462136,5.375875604842231,3.63797191358061,-1.0402358312615172,0.7666666666666667,0.6296296296296297,5.921292595319772,2.59928823706982,0.3975477015246101,-0.15434594867897466,18.52127802503629,29.68994211772042,0.592182796228707,46.04967949102683,3.5643043392524563,0.7893373929326611,-0.08933739293266119
53579,Kenneth Gainwell,RB,30,0.9333333333333333,5.6,0,0,90.0,0.47666645050049006,9.395052758581015,5.571688195123521,-2.218859239260144,0.9,0.8,5.6008683560620565,2.742886612133847,-0.10429584731056034,-0.6508350070629695,20.763531510905995,30.721364052578142,0.5889441255779121,45.89018517742693,3.4966719023393216,0.8504405422798452,0.08289279105348812
46279,Braxton Berrios,WR,30,0.8333333333333334,8.133333333333333,1,2,83.88888888888889,6.36200017929079,4.325959621919836,3.177054914201657,-1.120954731801625,0.6333333333333333,0.4482758620689655,6.412224779719216,4.266174276416625,0.20256199335714845,-0.6136745213919687,38.10532381622972,57.74702685869717,0.5565641284175328,49.925113840791354,3.6339559074398062,0.7139921167199849,0.11934121661334851
47836,Miles Sanders,RB,29,0.7931034482758621,4.448275862068965,0,0,85.20114942528735,0.043103382505219556,7.409427038782496,4.0340161694666286,-1.655152585009657,0.896551724137931,0.6363636363636364,6.356742482716812,3.471253030902946,0.27318462347538924,-0.31873191609919654,21.84854008986688,37.41168308197728,0.549107278403251,48.51008163689024,3.4566284541407826,0.8011082475973672,-0.008004799321505107
47932,Hunter Renfrow,WR,29,0.6206896551724138,7.724137931034483,0,0,85.99137931034484,6.290344435593186,3.73299478183932,2.8633776493901157,-0.897951399516132,0.5172413793103449,0.35714285714285715,5.424141653852846,3.5079984027309346,0.24000616986699927,-0.35630024287530254,21.613390377660803,38.37416833451421,0.4746796229471823,55.56850776433065,2.9973177978521175,0.7106964200096146,-0.09000676483720083
43396,Chris Moore,WR,29,0.6551724137931034,11.03448275862069,0,1,88.29022988505747,15.93448244292159,3.6104745690977507,2.4775336276943754,-1.1651347056980221,0.5862068965517241,0.2413793103448276,7.385879631882875,4.063788782501058,0.08111164117667469,-1.0379959839216248,28.274690633436784,37.0766702677585,0.7430221718738445,35.70447804051888,5.220946597048677,0.6406294568443017,0.0145429569488017
54673,Connor Heyward,TE,29,0.7241379310344828,5.413793103448276,0,1,70.61781609195403,4.147241066242069,5.65110889082742,3.9545881935996636,-1.1668101241814344,0.7586206896551724,0.52,5.561752239058149,2.962508710481564,-0.5063356417765084,-0.776270819596531,19.743014434838408,38.471719804765954,0.46028332457491306,56.41361866906038,2.83066786875322,0.8170586371184104,-0.09292070608392766
46094,Hayden Hurst,TE,29,0.5862068965517241,5.9655172413793105,1,2,58.54885057471265,7.426895667766689,3.8218399551528157,3.2651903501709807,-0.5566496049818358,0.6206896551724138,0.3793103448275862,5.529136884055956,3.220618795085315,-0.4213589669455224,-0.609334573373949,27.912144124908874,43.591406834050886,0.5318813793317356,50.00776246763688,3.2795028108256683,0.7048174765687549,-0.11861058001703084
52541,Colby Parkinson,TE,29,0.7931034482758621,7.275862068965517,2,0,119.97126436781609,6.016551757680974,4.843624280593901,3.501234580999339,-1.3083504520336848,0.6896551724137931,0.5,6.043998183299752,2.46517500658998,-0.36544540379616286,-0.7344490934219834,16.463904382338296,26.020390510827756,0.6134051417180607,43.60373820661268,3.8636257266897926,0.75191215172906,0.04119129654680209
52494,Zack Moss,RB,29,0.7931034482758621,6.137931034482759,2,0,115.22988505747126,0.006207367469531498,7.874536014098654,4.416244320981489,-1.9996261599775065,0.9310344827586207,0.65,5.348351810215224,2.547532212840696,-0.9319586634877501,-0.8304126894790851,13.866321647611562,22.496320250261423,0.617102905404835,40.659391967282694,3.1963350020212298,0.8335925416479643,-0.04048909337210216
53512,Tommy Tremble,TE,28,0.7857142857142857,6.678571428571429,3,1,115.32738095238095,7.042857101985389,3.855048859132809,2.928403497844331,-0.570737353790962,0.5357142857142857,0.48148148148148145,6.31729161257507,3.137889427297921,0.3511426577796403,-0.1838237616086775,21.37364751520806,35.48108785972746,0.7009185752287953,35.50378192904025,4.3191441619245845,0.6960090666971265,0.08970521901715922
53536,Michael Carter,RB,28,0.8214285714285714,3.5714285714285716,1,1,78.57142857142856,-0.021785599844809513,9.097190083598989,4.229200923463052,-2.54957514343026,1.0,0.7142857142857143,5.11760652644976,2.5191240976858644,-0.5497655632898371,-0.45176796643208633,15.431003350487227,27.221265065289455,0.5249265435862729,49.63063010497628,2.8199040576020065,0.8572852352355327,-0.035856663806961286
52625,Jauan Jennings,WR,28,0.6428571428571429,9.357142857142858,1,1,91.66666666666666,9.801071303231396,3.0164746487926792,2.8673413335545237,0.14705754672532587,0.35714285714285715,0.4074074074074074,6.241695943556761,4.948225704328213,1.117114296323906,0.18112842216068506,41.07293195396021,57.262411326878016,0.618756504359711,44.84804127489422,4.015442320668879,0.622874974237173,0.01998216861996993
48471,Trenton Irwin,WR,28,0.8214285714285714,10.928571428571429,1,1,109.22619047619048,8.5142857006618,3.2882778132802604,3.0819139834763334,-0.20636382980392737,0.4642857142857143,0.5,5.937892927635565,3.9169855060202985,0.19636111284992475,-0.5057595683509498,25.41903277418583,44.08282800464987,0.6072582356149832,42.14503600841756,3.8133741689850766,0.7232248252531557,0.09820374617541572
54577,Daniel Bellinger,TE,27,0.8888888888888888,9.703703703703704,0,0,107.09876543209876,3.640370051066085,6.614098378513461,4.033816797591317,-1.842223806026346,0.8518518518518519,0.5909090909090909,5.129574533827257,2.68790673383837,0.03805147441421126,-0.3932126719228403,16.49509503364613,31.987594537378804,0.6015539461690552,37.724100453102096,3.2515595459014786,0.8503792809543425,0.038509607934546386
55998,Tyler Scott,WR,27,0.5925925925925926,6.0,0,1,61.03395061728395,12.564444859822608,4.505098606732982,3.5431199475115016,-0.9932186407386654,0.6666666666666666,0.37037037037037035,6.696344199668571,3.5213064438776223,0.37111612993924725,-0.4621581158135634,27.159039773100695,37.58133707612596,0.7293465687280042,33.59799975988304,4.962978031287447,0.6489939809378856,-0.05640138834529307
56252,Xavier Gipson,WR,27,0.5555555555555556,6.62962962962963,0,1,60.570987654320994,10.39518539993854,4.466317812625037,2.5314391195041703,-1.543680391776115,0.5555555555555556,0.28,6.334192321527867,3.7865196795762364,0.47278262633913537,-0.568280760141,29.684519715748493,36.92246271316597,0.6767348030594632,38.22693343155794,4.433564952898039,0.5807531741954767,-0.025197618639921093
54563,Brian Robinson,RB,27,0.8888888888888888,8.62962962962963,3,0,139.6604938271605,0.03518507215714569,6.71425556570796,4.034395852390297,-1.3804019516421244,0.8888888888888888,0.6818181818181818,6.616094285121444,2.978873986096342,-0.14395688677050233,-0.3478425297417746,18.985961469977795,34.630075523532184,0.7023817830059085,37.32478766918739,4.473366831461599,0.8330729894557396,0.05581589943314924
44931,Mack Hollins,WR,27,0.6666666666666666,9.296296296296296,0,0,96.37345679012346,11.26925937334697,4.571111096542236,3.7942998419105076,-0.8852585055257592,0.6296296296296297,0.48148148148148145,6.305635286083629,4.199592685525344,0.4399822723824194,-0.4007248752530025,32.777119166775414,47.94952323452121,0.5408678343909631,51.23328800929629,3.2718839134358486,0.7052867703806138,-0.038620103713947196
47857,Devin Singletary,RB,26,0.7692307692307693,5.0,0,0,87.01923076923079,0.6180772781372048,7.674772148175056,4.116632593971238,-2.4929926061198686,0.8461538461538461,0.5789473684210527,4.885585827707265,2.9235930154580645,-0.06003485407927683,-0.30674927904861754,21.023251489680362,33.106709239309026,0.4823503752937537,51.39026633127151,2.6776641943170665,0.8062578994537499,-0.03702713022298065
54509,John Metchie III,WR,26,0.5,5.730769230769231,0,0,67.62820512820512,9.063076752882758,4.445965625228427,3.374435908253682,-0.5175420315015643,0.5,0.4166666666666667,6.983162706546894,3.607882794796739,0.5888037659464147,0.07150371245489304,25.591184032329107,36.19281276087027,0.776371081392033,33.77440963203475,4.999966709775044,0.6920520660576067,-0.19205206605760672
54967,Brandon Johnson,WR,26,0.6923076923076923,10.76923076923077,4,0,144.23076923076923,11.444231308423525,4.386387306481996,2.9892948097269523,-1.412190313679014,0.6923076923076923,0.34615384615384615,6.883204292810705,3.458526049980448,0.3631272422368802,-0.8180687383284881,30.225118398245936,45.96180515232096,0.6560663341000406,41.85331655649208,4.652090702803232,0.660156018748449,0.03215167355924331
55980,Roschon Johnson,RB,26,0.8846153846153846,6.5,0,0,93.75,-0.8669232588547805,10.731179729786392,4.93439709393356,-2.091223008060091,1.0,0.9090909090909091,5.061897863738817,2.120879009335094,-0.2483360173357228,-0.38920298375756524,15.390042832008229,25.02618372837632,0.6545432182861872,35.250676974658305,3.2681943343354556,0.8643982860057222,0.020217098609662365
53488,Terrace Marshall Jr.,WR,25,0.6,5.04,0,1,56.41666666666666,8.333599395751953,3.4790647746327146,2.6413167155494692,-0.8065005686542145,0.6,0.2916666666666667,5.919451985100097,4.793031592081294,1.11320770463974,-0.10458257214077292,42.72149542479477,68.13889642647068,0.646399609909815,44.39049943409145,3.6356427908002416,0.7100895830304982,-0.1100895830304982
56395,Emari Demercado,RB,25,0.8,4.24,0,0,84.33333333333334,0.033600006103525,11.210587665046567,5.2328723843002,-3.294738650065838,1.0,0.9285714285714286,4.448332326754944,2.383507577949905,-0.471434565951037,-0.4804065910938247,17.224993162386017,30.26459312555129,0.4769149032118481,52.27355508489557,2.2945575027061804,0.9047130376903268,-0.1047130376903268
53449,Kadarius Toney,WR,24,0.5833333333333334,5.166666666666667,1,2,51.38888888888889,4.67083311080933,4.580041173430113,3.620249540801892,-0.9949064866686945,0.6666666666666666,0.4583333333333333,6.4533771942361104,3.894626042259413,0.16545613575927257,-0.5294715838308329,25.4225804685686,42.3404269347272,0.533353824364622,50.572442827551754,3.2550682437282545,0.7678765815808206,-0.18454324824748725
53553,John Bates,TE,24,0.6666666666666666,6.375,0,0,84.20138888888889,7.087083538373322,5.321714538137058,3.6992109360352208,-0.021065464126731777,0.6666666666666666,0.5555555555555556,5.890259132224908,2.9043886195846595,-0.09113090464925826,-0.15053073184217913,23.50402244884445,48.34041540925963,0.43783397237384225,57.10819999810025,3.5120769859823873,0.7689469629304052,-0.10228029626373858
43663,Alex Erickson,WR,24,0.6666666666666666,9.458333333333334,1,0,110.9375,10.614583333333321,2.8767451341615327,2.889241356240244,-0.09125005762594252,0.4583333333333333,0.375,6.070810107566355,4.231759592827465,1.2768917214290163,-0.07771366685752264,37.04006140689499,62.57363616998862,0.5463086880375697,46.557062768950665,3.572909440268544,0.6120523485845553,0.05461431808211137
47920,Foster Moreau,TE,24,0.8333333333333334,7.791666666666667,0,0,99.13194444444446,4.110416412353495,5.769631029145128,3.486181344844509,-1.271013311454795,0.7916666666666666,0.5263157894736842,4.590065454313795,2.838464199837874,0.25113345918134317,-0.21354677992597515,23.214103196815532,48.212432744280164,0.5168137951739417,49.20623837256378,2.7687063817957824,0.7347725770813976,0.09856075625193572
47896,Justice Hill,RB,24,0.625,6.5,1,0,95.13888888888889,2.7887500524520834,6.4363116299802074,4.0556637908457605,-2.107602431412136,0.7083333333333334,0.7619047619047619,6.089854138301171,2.8680484526352483,0.11750958785402761,-0.29734530653462743,19.59869283527313,27.2284502098467,0.6790276896099231,36.33663103786436,3.9798401420283795,0.7701539431226735,-0.1451539431226735
47835,Drew Sample,TE,24,0.875,6.458333333333333,2,1,103.99305555555556,0.569583257039379,8.735793004510628,4.942837162405628,0.22989266994488877,0.9166666666666666,0.75,5.499150644687179,2.2152971579247445,0.040678856295789635,-0.25845402509265575,13.816382669409952,22.630250519737853,0.5448486605599565,46.93567737299859,3.2103629612049978,0.8766592726885073,-0.0016592726885072961
47852,Josh Oliver,TE,23,0.8695652173913043,9.26086956521739,1,0,119.74637681159422,2.193477672079339,5.491555874666896,5.030163867593765,-0.5088779828463565,0.9565217391304348,0.8095238095238095,6.397363808653637,2.7632830982575047,0.05048261734710215,-0.6537174565006082,14.372302148750093,23.422706708320664,0.6475636320837972,42.99191151762392,3.8749810737473207,0.8576348914028873,0.011930325988417034
46992,KhaDarel Hodge,WR,23,0.6086956521739131,10.08695652173913,0,2,58.605072463768124,13.07217382348101,3.636181514289871,2.87310428572136,-0.7630772285685105,0.6086956521739131,0.4782608695652174,5.875024794141796,4.424561760101975,0.5089874700752978,-0.8928803058792228,32.20581788632936,61.94783624497877,0.5917424075123572,49.63225605595904,3.3333090484654635,0.6385853371035954,-0.02988968492968236
56071,Andrei Iosivas,WR,23,0.6086956521739131,4.782608695652174,4,1,94.20289855072464,8.970434831536343,3.8356859292743226,3.237883385410375,-1.0889570091394982,0.5217391304347826,0.4782608695652174,5.8805773570544675,4.310794721938354,0.6265086231134884,-0.6657498537843557,37.94831268823221,65.08024247574477,0.6806948923089798,39.71786299563082,3.796169498150283,0.6677256303218567,-0.05902997814794364
44917,James Conner,RB,23,0.8260869565217391,5.608695652173913,2,0,119.0217391304348,0.4626085861869848,8.000285923976262,4.8270388534552096,-1.2829984548394822,0.8695652173913043,0.5,5.576640086999775,2.5420382782661726,-0.3035438155196816,-0.5881664084986913,15.85209118583213,25.715379388290845,0.6123497591674649,37.03764748455196,3.402626517883522,0.8046674903886327,0.021419466133106413
44995,Aaron Jones,RB,23,0.6956521739130435,5.608695652173913,1,0,97.91666666666666,-0.15434750266698377,7.889474306537269,5.002146932490447,-1.5999525232272385,0.8695652173913043,0.625,6.635129577090658,3.506826148454168,-0.2481049035171459,-0.7930465914972006,24.928098135864882,36.25998364342376,0.7082484602353899,36.338164340659276,4.300670854019868,0.7811102041715883,-0.08545803025854481
54483,Treylon Burks,WR,22,0.5454545454545454,9.409090909090908,0,0,86.74242424242424,18.82863616943357,2.985639464384573,2.5424721013529727,-0.36293317912790934,0.36363636363636365,0.2857142857142857,7.993111413113997,3.7281270141172,0.5029412284986394,-0.28865095661257745,34.30484957550579,40.66099346235027,0.7836210530485317,31.778846992322734,6.103193810620962,0.5812872911074918,-0.03583274565294636
41325,Jerick McKinnon,RB,22,0.7727272727272727,5.636363636363637,3,0,129.54545454545456,0.32772736115889134,8.620211154938232,4.583744213680415,-0.5809123495265646,0.8181818181818182,0.6153846153846154,6.180015558358466,2.55252584582703,-0.22160633396850546,-0.8056914308504729,21.409209455083452,29.34981806952442,0.507338235973132,49.84541100157235,2.9626003299142494,0.8361201192077273,-0.06339284648045462
56220,Malik Heath,WR,22,0.6363636363636364,5.590909090909091,1,0,93.56060606060606,9.093182238665506,3.790254645452326,2.774942908199324,-1.0153117372530025,0.5909090909090909,0.4090909090909091,5.274990130567766,5.010682006941333,0.5297924261802859,-0.6323378870575072,52.85000035825837,99.51886048974369,0.4879618922256937,51.293364544405335,2.6091117322165656,0.7044503612524495,-0.06808672488881318
52659,Stephen Sullivan,TE,22,0.5454545454545454,5.681818181818182,0,0,71.2121212121212,10.118636564774938,2.9189130209791685,2.5925165198662747,-0.32639650111289337,0.36363636363636365,0.22727272727272727,6.34430877266546,5.0844993386972055,1.2972870322215881,0.06043223381699037,45.733433240709736,64.47208805906452,0.6711435910096308,40.507139284310576,4.336624335502614,0.5497900545750256,-0.0043355091204801965
45094,Johnny Mundt,TE,21,0.7619047619047619,7.809523809523809,1,1,94.14682539682539,3.9361902872721193,5.445294531852631,3.7495873682549865,-0.39319240291931395,0.6666666666666666,0.5,6.227051533425667,3.120822666102954,0.5243714536388177,-0.1728741546381957,16.658650164859452,41.108404414077285,0.6745482357725751,40.544251496738354,4.3499188012951135,0.7634330355304849,-0.0015282736257230534
54694,Bo Melton,CB,21,0.7142857142857143,10.285714285714286,1,0,120.33730158730161,11.040475663684683,4.276665945766967,3.450870031509935,-0.8257959142570328,0.8095238095238095,0.5714285714285714,6.061863093353866,4.8337717976564125,-0.05919459270148592,-1.6301069476455465,46.59591935848551,70.29758602008735,0.5717043954661306,46.771869165855094,3.544116178282168,0.6540683618366087,0.06021735244910564
56027,Will Mallory,TE,21,0.7619047619047619,9.619047619047619,0,0,105.65476190476188,6.284285499936061,3.8725220896836396,2.9349954514848915,-0.9375266381987486,0.6190476190476191,0.42857142857142855,5.850822750815258,3.1871552415183118,-0.36592327755521287,-0.8132571274408479,24.447298715685168,43.636256612076465,0.5842195072901953,43.3999315579119,3.3799245534609645,0.6689760007342277,0.09292876117053417
54603,Calvin Austin III,WR,21,0.47619047619047616,7.142857142857143,1,1,67.55952380952381,14.796666190737794,3.0984374661136362,1.9483690466919792,-1.150068419421657,0.42857142857142855,0.23809523809523808,7.053872128852491,4.385288143809802,0.6528142357340986,-1.0100709311684446,40.237153595011435,64.03620872401477,0.6837827515310485,38.53008710168016,4.7062238239862335,0.5551057103554399,-0.07891523416496371
47842,Parris Campbell,WR,21,0.7619047619047619,4.238095238095238,0,1,63.39285714285713,2.800000145321814,5.603474528784888,3.593310246510713,-1.3173304016433844,0.8095238095238095,0.6111111111111112,5.173323102148659,3.53713703202828,-0.1890964996793194,-0.36704237774512416,24.702592341712197,43.852854096348416,0.38456139688759,61.1245841961303,2.1519678252558307,0.8206465488219034,-0.05874178691714149
54506,Kenneth Walker III,RB,21,0.8095238095238095,7.714285714285714,1,0,114.6825396825397,-1.6757149469284616,9.067505460523105,4.501342003681437,-3.166381156803184,0.9523809523809523,0.7777777777777778,5.078342838358351,2.63771208523348,-0.49322195058350266,-0.5927345979763459,20.4640683799929,34.00621975046035,0.33690129455089063,64.45931725840543,1.8497933425860602,0.8234444146858845,-0.01392060516207494
52470,AJ Dillon,RB,21,0.8095238095238095,9.142857142857142,0,0,104.76190476190477,-0.5057143256777898,10.259633856268747,5.052131903376198,-3.1333391772206083,0.9523809523809523,0.6923076923076923,5.692158108520152,2.6759772299651083,0.4223075249926391,-0.04346748789291052,17.859277139750333,26.92438594222371,0.49401717723171484,51.892950705786745,2.7827650607812364,0.8839197762251703,-0.07439596670136073
55928,Marvin Mims Jr.,WR,21,0.6190476190476191,15.904761904761905,1,1,101.78571428571428,21.745714550926614,4.164828545457472,2.879495759847457,-1.3388613640745302,0.5714285714285714,0.38095238095238093,7.70476725354518,3.775259331037843,0.42590853524367284,-0.9258053343200059,28.708676039645233,38.866434696907945,0.7243263386060225,33.6391811948734,5.58025706588533,0.5884401958567286,0.030607423190890493
47833,Irv Smith,TE,20,0.7,4.75,1,1,76.04166666666666,4.558000278472894,4.684481891309082,2.4143195761506813,-1.228923881626395,0.8,0.23529411764705882,5.154896968040009,2.951238079319323,-0.6258116188613443,-0.872527482983324,23.225156403528977,45.5044964899009,0.47795438567368587,53.53483431279602,2.648444310731108,0.802781182004925,-0.10278118200492503
46167,Jordan Akins,TE,20,0.7,6.45,0,0,87.29166666666667,4.814500427246081,4.871605669893434,3.422287025821472,-0.8533362803421948,0.8,0.47058823529411764,5.3718930211188445,2.9655956162910995,-0.4005501151364911,-0.7446614622028234,18.980403696602032,39.99482640693439,0.4313469912874792,62.28690114035518,2.611718619761443,0.7901325661805555,-0.09013256618055554
52595,Donovan Peoples-Jones,WR,20,0.5,6.0,0,2,29.166666666666668,11.598000073432926,3.03361898609002,2.5292491101230206,-0.504369875966999,0.5,0.25,6.51788783673732,3.9481025736974567,-0.3084052551005943,-0.9818764338400744,25.08244985440064,36.13757709596591,0.6465717373079506,45.381331928471226,3.7477872529252516,0.5089690764975425,-0.008969076497542527
40129,Latavius Murray,RB,20,0.8,5.65,0,0,90.20833333333333,0.6134996891021695,6.973034210067934,4.350073739630066,-1.6489159391275294,0.9,0.7058823529411765,5.506458466472244,2.3264937187195285,0.07513913448046919,-0.12174643002672403,14.517300519620784,22.717914738657853,0.5685630078531219,45.685742263594726,3.2234278197625565,0.7875400705068397,0.012459929493160327
53511,Dyami Brown,WR,20,0.5,8.05,1,2,54.37500000000001,16.2489997625351,3.9298073085633805,2.905624769579933,-0.8143530461417359,0.6,0.3157894736842105,6.532214503884238,3.4514781091568665,0.6049435542473642,-0.329949733638714,33.40948011699808,44.916365235536645,0.5630265334651459,47.724487475385615,4.385837952716524,0.6388784202669971,-0.13887842026699715
46522,Byron Pringle,WR,20,0.65,7.55,0,1,66.875,13.375500059127779,3.4885993109637186,3.364937973567762,-0.12366133739595728,0.5,0.45,6.03587254553762,4.06840588931809,0.9310559475114907,-0.3887081702854661,42.96289352315485,72.87818097771262,0.6354072195209303,41.64639329728878,3.871563174668606,0.6350591041397743,0.014940895860225734
52429,Jalen Reagor,WR,20,0.35,6.65,0,2,19.375,17.316000747680633,2.613791271388863,1.659843625779279,-0.9539476456095833,0.3,0.2,7.229822097910132,3.6893915941006616,0.8040133821142705,-0.9487885834766729,24.68613320535375,30.130720412408277,0.7556831147247619,30.529597099998675,5.019309528878413,0.45706139049302097,-0.10706139049302099
48556,Jalen Guyton,WR,20,0.45,3.75,1,0,71.875,10.000000059604645,3.038407350822095,2.2267981878561,-0.8116091629659941,0.4,0.2,5.8989056757578675,3.931402532006775,1.6556671455228096,0.23252194886014,26.827906942735023,55.75596100024395,0.46992377082058046,57.041074313856896,3.1710122457573213,0.6903873050710427,-0.24038730507104272
