route_of_targeted_receiver,team_coverage_type,plays,catch_rate,yards_per_target,passer_rating,interception_rate,mean_air_yards,separation_at_throw_yd,separation_at_arrival_yd,separation_change_yd,open_rate_at_throw,rec_cod_total_deg,rec_accel_burst_yps2,cov_cod_total_deg,cov_pursuit_efficiency
HITCH,COVER_3_ZONE,1031,0.7691561590688651,7.6711930164888456,93.93994503718073,0.015518913676042677,6.638341330186934,4.323815676063763,2.9143163101995184,-1.313834481492023,0.7012609117361784,47.48539834649642,0.37528532322014135,55.821494760387104,0.326775146653303
OUT,COVER_3_ZONE,704,0.7301136363636364,6.9758522727272725,88.91453598484848,0.014204545454545454,7.037215912545269,4.093421941233606,2.899462448228726,-1.0253643103346453,0.6505681818181818,39.003393674118904,0.6801040529748735,46.8978737325304,0.6800940976055161
FLAT,COVER_3_ZONE,688,0.875,5.757267441860465,92.71438953488372,0.00436046511627907,-0.795566819434939,8.57547116097505,5.4812507368189864,-1.8619144000124825,0.9651162790697675,15.412257393627609,-0.23244896687355468,34.86336199384458,0.5440364791137204
CROSS,COVER_1_MAN,498,0.6867469879518072,9.837349397590362,106.99464524765732,0.024096385542168676,7.593554265767216,3.09078414958718,2.7489499723708564,-0.09468177893417941,0.38353413654618473,12.537008869997685,0.3112323506032925,19.43835154550988,0.7248846253031581
OUT,COVER_1_MAN,480,0.5979166666666667,6.216666666666667,82.15277777777779,0.014583333333333334,7.036770817637442,2.58239497485149,2.2817071555552193,-0.27610540053569305,0.32083333333333336,34.563323162181256,1.0886367246645905,41.3461979161095,0.6743019082500492
HITCH,COVER_4_ZONE,478,0.7740585774058577,7.2531380753138075,92.45118549511857,0.027196652719665274,6.542531542199424,3.9596038109092486,2.804825461509262,-1.1397458494505317,0.6464435146443515,49.77755650392345,0.621812463255927,53.9415173987816,0.35899577652431336
GO,COVER_1_MAN,471,0.39065817409766457,11.099787685774947,101.05714791224345,0.029723991507430998,22.621804684210733,1.6151312914069185,1.3680579746576884,-0.24732276586026658,0.07430997876857749,24.90386866956564,1.0109861473577617,29.528109093557124,0.8595214636726863
OUT,COVER_4_ZONE,449,0.755011135857461,7.242761692650334,97.59187082405344,0.0066815144766146995,6.646169263164285,3.7671826853554506,2.952154172155432,-0.7395612018658653,0.5835189309576837,36.53415697624865,0.8848045841415697,41.17988695984612,0.708769241257001
CROSS,COVER_3_ZONE,436,0.7178899082568807,9.729357798165138,98.43272171253822,0.0389908256880734,7.959610086105289,4.855498138572319,3.839600996212733,-0.7611754113166361,0.6995412844036697,14.808107605191166,-0.23713352788228823,26.366939531876156,0.6652358236101651
GO,COVER_3_ZONE,396,0.4166666666666667,11.525252525252526,98.71632996632997,0.05555555555555555,24.09621215619222,2.5015401824419325,2.1587664990532183,-0.3481625504300401,0.2727272727272727,25.541915810904054,0.5534043597007392,37.478009962455886,0.7786388798131096
HITCH,COVER_1_MAN,395,0.6683544303797468,6.5620253164556965,89.76265822784809,0.015189873417721518,7.098177242429945,2.7336685257117224,2.049558296986932,-0.6799935561603914,0.3822784810126582,50.56971195186599,1.2904339051727856,56.61984062659593,0.346643155581973
HITCH,COVER_2_ZONE,378,0.8386243386243386,8.079365079365079,94.59876543209876,0.015873015873015872,5.534550242953831,4.780785630539369,3.308357602490882,-1.3800230191125746,0.8359788359788359,35.5202810918019,-0.3061012190045626,46.63674346323836,0.40595423154941457
SLANT,COVER_1_MAN,355,0.6816901408450704,7.580281690140845,97.75234741784038,0.014084507042253521,5.281718054623675,2.4384215551648065,1.806220879251529,-0.6196181693254043,0.30422535211267604,16.081129188646056,1.2317529052348701,23.968797833300172,0.6497298288847074
FLAT,COVER_2_ZONE,342,0.8625730994152047,5.190058479532164,87.07358674463937,0.0029239766081871343,-0.9175731536240622,10.040598684846316,5.972649867659693,-2.136558334268341,0.9649122807017544,17.939507810162873,-0.5651403432718395,52.70407458334402,0.4305244147850916
IN,COVER_3_ZONE,321,0.5669781931464174,8.193146417445483,71.78738317757009,0.040498442367601244,10.797102694942199,3.5687753333930803,2.8523261054933893,-0.6770215583685968,0.5514018691588785,34.281397160068366,0.6612858449654248,43.609064691735256,0.514482536816334
FLAT,COVER_4_ZONE,313,0.8753993610223643,5.543130990415335,92.6916932907348,0.003194888178913738,-0.5010223693360175,8.209283668033738,5.038904839303433,-2.0073228642853542,0.9584664536741214,16.95717346643622,-0.3870868533107211,32.8312416464401,0.6080724526803687
FLAT,COVER_1_MAN,305,0.7672131147540984,5.344262295081967,115.06147540983606,0.006557377049180328,0.12862286645857515,5.466983275772256,3.92453495260431,-0.9425714409071292,0.780327868852459,15.310161792241122,0.058592611109676764,24.80249947288141,0.41717437888171294
IN,COVER_1_MAN,267,0.5430711610486891,7.49438202247191,81.99906367041199,0.033707865168539325,9.410786391197522,2.3969582384595354,1.9104585033040635,-0.5294667657807359,0.29213483146067415,29.558126351781247,1.1114781157047107,38.86242950785236,0.668835812516477
HITCH,COVER_6_ZONE,267,0.7677902621722846,7.4232209737827715,90.12952559300874,0.02247191011235955,6.243220965067546,4.034264708813228,2.7967319121113374,-1.1506760916156984,0.6928838951310862,44.691193192160995,0.34477040180060164,48.482357289822275,0.45843767702668775
FLAT,COVER_6_ZONE,232,0.853448275862069,5.163793103448276,92.49281609195404,0.0,-1.0034053037906523,8.911796499208563,5.083749876617162,-2.2949919713719424,0.9741379310344828,17.081763507824572,-0.511449824832538,37.23500857144047,0.5863987468288127
SLANT,COVER_3_ZONE,230,0.7347826086956522,9.078260869565218,96.79347826086956,0.034782608695652174,5.9237390352332095,3.6985835597938874,2.789334144881275,-0.9394914420128786,0.5739130434782609,18.817195273830684,0.6207586696664155,34.87970209912038,0.4321452940455026
OUT,COVER_6_ZONE,215,0.7162790697674418,6.344186046511628,82.39341085271317,0.013953488372093023,5.526511454027754,3.9039568673506353,2.981585983085684,-0.6866640541607474,0.5767441860465117,33.05661715106976,0.7906427820235055,40.34908623478845,0.6494489951337961
IN,COVER_4_ZONE,214,0.6401869158878505,8.327102803738319,88.57087227414331,0.037383177570093455,9.889392369261424,3.0826001986972753,2.4876970927682995,-0.7189585037155363,0.46261682242990654,33.948113934892504,0.41585841464133094,37.72828006864843,0.5318551663205294
POST,COVER_3_ZONE,213,0.596244131455399,13.732394366197184,107.37480438184663,0.07042253521126761,20.043427122031026,3.1153037838367523,2.790394214912775,-0.32552633621703214,0.4413145539906103,31.96308595164219,0.20466878088916227,44.11295422395742,0.6093088754157115
OUT,COVER_2_ZONE,209,0.7368421052631579,6.339712918660287,83.12400318979266,0.023923444976076555,5.380813210774835,5.045842970741404,3.6452327391170076,-1.1500197012176923,0.7894736842105263,30.482325357096972,0.3155723421106666,40.91677021861049,0.62238895459127
GO,COVER_4_ZONE,198,0.41414141414141414,10.676767676767676,95.41245791245791,0.06060606060606061,25.502272870805527,2.30981750510523,1.8141261390225436,-0.4956913660826865,0.23737373737373738,27.99519346342951,0.7374010601037989,39.55225849759566,0.8224277652147097
CROSS,COVER_4_ZONE,185,0.772972972972973,8.04864864864865,124.35810810810813,0.010810810810810811,4.888378285072938,4.706908167169833,3.8602142726420676,-0.5569702437125723,0.6702702702702703,12.437230840631099,-0.2827386137023173,23.80173094838508,0.6116406457469719
ANGLE,COVER_3_ZONE,174,0.8333333333333334,7.408045977011494,91.78639846743296,0.022988505747126436,1.5715516956373192,7.347500039175856,3.586162723008987,-2.1461964354632257,0.9252873563218391,23.77342988415478,-0.6326523725509376,34.030434063729956,0.6213834789523045
CORNER,COVER_1_MAN,168,0.4523809523809524,11.589285714285714,115.25297619047619,0.02976190476190476,21.468750102179392,1.8405293153057967,2.3026636314294153,0.4621343161236182,0.13095238095238096,34.92426840755976,0.8303632562417084,42.491367534712026,0.867083750820184
SLANT,COVER_4_ZONE,155,0.7354838709677419,7.354838709677419,108.53494623655912,0.0064516129032258064,5.3836774333830775,3.581273568604143,2.7623325026741306,-0.9769920843356431,0.5548387096774193,18.964436583827574,0.47530975206424914,35.3866270079221,0.5401170235195154
CROSS,COVER_2_ZONE,150,0.8,8.493333333333334,101.49999999999999,0.006666666666666667,4.81006637573242,5.887858226978688,4.452935345987987,-1.3032233892714713,0.8866666666666667,11.70830770625098,-0.6803931020047245,38.08203118425656,0.518011847016396
ANGLE,COVER_2_ZONE,142,0.8661971830985915,7.204225352112676,87.88145539906104,0.02112676056338028,1.4296480098240842,8.403480314181474,4.259321785965145,-2.275833966743035,0.9647887323943662,19.9720389787552,-0.7977024712226236,33.701011863656014,0.5346964297975065
GO,COVER_2_ZONE,141,0.524822695035461,15.368794326241135,105.58510638297871,0.04964539007092199,22.36375865192278,3.598958857545294,2.809058894431277,-0.6737720345819748,0.5035460992907801,26.114951090938263,0.3955018239211027,41.78803661463786,0.7863876178758481
POST,COVER_4_ZONE,135,0.45185185185185184,11.955555555555556,104.44444444444446,0.05925925925925926,24.35259257378401,2.765897816411701,2.27168596227616,-0.4942118541355407,0.3851851851851852,27.283228809686094,0.23262991224832186,38.97531210033092,0.7147196222874435
CORNER,COVER_3_ZONE,127,0.5905511811023622,16.677165354330707,104.69160104986877,0.07874015748031496,21.688661301464542,3.665814493170361,3.1766199396983588,-0.4969910544091914,0.6062992125984252,28.73840226243459,0.351062873578533,43.95467416003261,0.7200470179389798
SCREEN,COVER_3_ZONE,124,0.8951612903225806,5.040322580645161,87.66801075268816,0.0,-1.5115321220890234,9.812238422246784,6.07016167105468,-1.962818291746059,0.9758064516129032,20.499176300846056,0.7023450686514245,35.582068099966854,0.5795308720777481
POST,COVER_1_MAN,119,0.5126050420168067,11.403361344537815,121.39355742296918,0.025210084033613446,16.698319230760852,1.8992101666782628,1.9032344683279978,0.00402430164973507,0.13445378151260504,28.309012726385664,0.6270914884255974,38.31989601043046,0.7527137011744066
IN,COVER_6_ZONE,119,0.6386554621848739,9.260504201680673,77.78361344537815,0.058823529411764705,9.864874082453113,3.34800689003572,2.770749429309777,-0.5984795130437699,0.4957983193277311,29.483557092135364,0.55173243990279,33.89095327668907,0.5502557044914388
IN,COVER_2_ZONE,118,0.7033898305084746,10.796610169491526,94.38559322033898,0.03389830508474576,10.550763065532106,4.201869650143255,3.5775023718450516,-0.693960682851724,0.6610169491525424,30.97498094601938,0.46793127505999393,45.53590434605889,0.4809499124086487
POST,COVER_2_ZONE,118,0.6016949152542372,15.635593220338983,90.14830508474576,0.11864406779661017,20.27050847118182,3.9222409039113684,3.478077036040231,-0.4825614968509681,0.6610169491525424,30.8289498316452,-0.13879245956901545,42.39482303380122,0.6000463048411226
CROSS,COVER_6_ZONE,108,0.7129629629629629,7.314814814814815,78.85802469135803,0.046296296296296294,6.235555401554808,5.107235031102791,3.2132214872771496,-1.5145509902498455,0.7685185185185185,12.342836445507638,-0.38122162997911613,27.671671408417716,0.7199939847913344
SLANT,COVER_2_ZONE,108,0.7777777777777778,8.685185185185185,95.1388888888889,0.018518518518518517,5.108426111715804,3.0660356445365435,2.809265395448382,-0.35242631616348574,0.3888888888888889,16.499317988443803,0.7526748623869933,33.20438850235198,0.5508243853630279
GO,COVER_6_ZONE,102,0.4117647058823529,13.735294117647058,100.73529411764706,0.049019607843137254,27.86421585316752,2.5558324754202957,2.1081458229822787,-0.44768665243801775,0.21568627450980393,26.830924584364766,0.5855715111140536,34.104732397388986,0.8749361529311589
POST,COVER_6_ZONE,101,0.5841584158415841,16.316831683168317,96.24587458745873,0.07920792079207921,22.071979772926547,3.0463550657864666,2.8459447084107197,-0.3601564662685858,0.44554455445544555,30.61086851450534,0.2736444549662055,42.03158336168339,0.7454410125493797
ANGLE,COVER_4_ZONE,95,0.8421052631578947,7.315789473684211,99.78070175438596,0.010526315789473684,1.9021046588295438,5.732323733242902,3.691276718055332,-1.3915621697986646,0.7894736842105263,22.890429820870544,-0.5128184080572772,32.99096772042994,0.39304668233111417
OUT,COVER_0_MAN,92,0.5760869565217391,3.7282608695652173,96.15036231884058,0.021739130434782608,6.034238906010324,2.9822129747209516,2.205591795335404,-0.6446808575887688,0.358695652173913,38.67805446951727,1.005628149244987,39.19215920423537,0.7103575809905274
SLANT,COVER_6_ZONE,91,0.7252747252747253,8.538461538461538,100.84706959706959,0.01098901098901099,5.654615381261806,3.2228185921994172,2.3636046137900997,-0.6510145349576233,0.4065934065934066,17.56063550243693,0.8258402267104467,30.226636228364935,0.6069896349745358
FLAT,COVER_0_MAN,86,0.8023255813953488,4.209302325581396,123.78875968992249,0.0,0.36569802705632476,5.436908071933434,4.242640478152691,-0.9765681933057241,0.7790697674418605,12.181966105267266,0.3619523448835284,25.5509687643222,0.49868450964556266
ANGLE,COVER_6_ZONE,81,0.8395061728395061,6.320987654320987,87.86008230452674,0.012345679012345678,1.9567900292667328,6.505889536543844,3.5302893311970833,-2.1149663149002462,0.8765432098765432,26.725826238888338,-0.4399457740468899,25.004020206278952,0.6747453962030404
SLANT,COVER_0_MAN,79,0.6835443037974683,4.746835443037975,118.40717299578058,0.0,5.195442976830856,4.016786625322921,2.3111439008590473,-1.5649565862858212,0.569620253164557,17.86006490436171,0.6814359312149034,27.344128280317065,0.6089243220507706
HITCH,COVER_0_MAN,75,0.7733333333333333,8.64,136.55555555555557,0.013333333333333334,5.0404000981648895,4.070554829215437,2.5375307149988737,-1.3932750273597776,0.64,55.7163094695293,0.9366642142068697,44.55328109932005,0.34183060836327817
CROSS,COVER_0_MAN,71,0.5492957746478874,4.788732394366197,107.3943661971831,0.0,6.825915602731027,3.7015037766158727,2.8158035309939558,-0.9663524829084831,0.5352112676056338,16.387155626872335,0.23805424068778966,20.748526077869407,0.6777182413819869
CORNER,COVER_2_ZONE,68,0.5735294117647058,12.691176470588236,100.73529411764703,0.014705882352941176,19.205000101643442,4.775164015989092,2.7011616400020375,-2.1000721003773775,0.8676470588235294,37.6339682982054,0.333472615184982,46.860684833333664,0.824854107812679
GO,COVER_0_MAN,63,0.36507936507936506,7.015873015873016,94.7089947089947,0.015873015873015872,17.723015830630388,2.23702393858631,1.655379803348464,-0.5816441352378461,0.2222222222222222,22.406552574592272,1.4496831879267567,30.752581789228078,0.8001333768927744
CORNER,COVER_4_ZONE,55,0.45454545454545453,10.10909090909091,91.36363636363636,0.07272727272727272,21.908909264477803,3.3819172793973946,2.7264458005572934,-0.6811384801901365,0.4727272727272727,37.202224352468605,0.45424101040911025,49.37224628158711,0.7282973080145921
OUT,COVER_2_MAN,55,0.6727272727272727,7.236363636363636,80.71969696969697,0.01818181818181818,7.747818235917516,2.169693338037539,2.5609346303105265,0.3912412922729874,0.14545454545454545,39.05541440658085,0.9812204830168131,43.59115286480635,0.6718450735738101
SCREEN,COVER_4_ZONE,51,0.9215686274509803,3.392156862745098,80.80065359477123,0.0,-2.546274727466056,10.054295435886452,6.5905568473852405,-3.224927647662671,1.0,26.8679660308857,0.6595328779125156,37.531771075969814,0.6910822863050851
SCREEN,COVER_2_ZONE,50,0.82,4.7,86.25,0.0,-2.0020005035400397,11.56553308753833,5.967004646603832,-3.3823809771396154,1.0,23.49761024951871,0.3998021070975695,46.21595288664662,0.5140726001874675
CORNER,COVER_0_MAN,42,0.5,4.0,90.07936507936508,0.023809523809523808,14.70071379911329,2.991135708739223,2.7948097918870705,0.10016573629120408,0.2857142857142857,28.187212965815558,0.9261895218859418,36.48605203913395,0.7447748884674947
POST,COVER_0_MAN,42,0.5714285714285714,13.571428571428571,131.44841269841268,0.023809523809523808,18.98380954208821,1.9881585120894498,2.0121170508219075,0.02395853873245775,0.19047619047619047,28.995702046712754,0.618634684590955,41.44137520502355,0.7797015668037114
ANGLE,COVER_1_MAN,38,0.7631578947368421,8.394736842105264,135.74561403508773,0.0,3.7410526526601737,3.7464534692774594,2.69012145670951,-1.041122149673149,0.5263157894736842,19.709857373670598,0.8465795981565294,23.85707017714149,0.6800925101471005
CORNER,COVER_6_ZONE,38,0.5263157894736842,12.447368421052632,75.87719298245614,0.05263157894736842,21.038157939910903,4.47516865271164,2.789317826230234,-1.685850826481407,0.7368421052631579,32.01221550447251,0.42680831760634136,42.23529541072016,0.7621378740785851
SCREEN,COVER_1_MAN,35,0.6571428571428571,3.5714285714285716,90.77380952380952,0.0,-0.7037145205906394,7.436462375875592,5.425700655232572,-0.8247152840155484,0.8571428571428571,26.259202413728794,0.6495614577125872,35.651277737001095,0.40073778654347114
CROSS,COVER_2_MAN,34,0.7058823529411765,9.852941176470589,121.5686274509804,0.0,7.2764701282276825,2.435729639930638,2.4040443105911677,0.05819488368827044,0.2647058823529412,10.796044698183902,0.5638503868736247,11.9259058325218,0.8179793812981371
IN,COVER_0_MAN,29,0.5517241379310345,4.758620689655173,93.10344827586206,0.034482758620689655,7.958620889433465,2.6097188575643715,2.129481418774879,-0.4802374387894925,0.4827586206896552,34.61396686368797,1.0992702283336486,45.64148148379848,0.602660861452154
WHEEL,COVER_1_MAN,29,0.4482758620689655,9.448275862068966,118.39080459770115,0.0,16.03999983031174,2.1371068259149166,2.079280807406013,-0.05782601850890403,0.2413793103448276,26.273227732577944,0.6195237634883244,38.705626917954255,0.9102301708126762
POST,COVER_2_MAN,29,0.4482758620689655,11.344827586206897,95.33045977011496,0.034482758620689655,17.183448413322704,1.6363286402249906,2.1661132717283618,0.5297846315033709,0.13793103448275862,31.30988318781322,0.508836475605606,49.225859767571684,0.7774488151913834
SLANT,COVER_2_MAN,26,0.5384615384615384,7.115384615384615,44.551282051282044,0.07692307692307693,5.48730776860164,1.8424357417740476,1.9491007558830602,0.10666501410901308,0.15384615384615385,13.584372685892971,1.093731293271208,24.588692771445338,0.6495426594951021
SCREEN,COVER_6_ZONE,23,0.9565217391304348,5.434782608695652,89.31159420289855,0.0,-1.6904345802638796,10.583990808714631,6.0316708016441405,-2.9339769193203855,1.0,27.714433535741566,0.9617864756000387,42.61641394453113,0.575565305254109
IN,COVER_2_MAN,22,0.7272727272727273,8.636363636363637,98.67424242424244,0.0,8.64636343175715,1.7721531462604145,1.778707458942254,0.006554312681839914,0.09090909090909091,31.82556185854612,1.349175350297763,26.720238809622085,0.7205324921262816
WHEEL,COVER_3_ZONE,21,0.5238095238095238,11.238095238095237,132.14285714285714,0.0,14.177619434538386,3.721818128643052,3.125832414170733,-0.5959857144723192,0.47619047619047616,23.41657327085757,0.14468226569876053,44.74522681319894,0.7188760124522762
HITCH,COVER_2_MAN,21,0.38095238095238093,5.095238095238095,55.0595238095238,0.0,9.1280957176572,1.8759947867054467,1.2729704808709017,-0.4029852288095552,0.19047619047619047,56.21541962933795,1.8400702886035392,76.11613915210798,0.3579570831351047
GO,COVER_2_MAN,16,0.3125,9.5,62.5,0.0625,28.473750233650225,1.637515777545092,1.3643830646191264,-0.2731327129259654,0.0,23.9584683496779,0.8190719139683549,29.93239717742467,0.9210533012256256
SCREEN,COVER_0_MAN,15,0.8666666666666667,3.2666666666666666,102.49999999999999,0.0,-1.684666887919126,9.990787600915144,6.529363470225824,-2.753682238574878,1.0,25.17301724071058,0.07505597857140898,43.79287056698308,0.36473669638260675
FLAT,COVER_2_MAN,14,0.8571428571428571,5.357142857142857,59.226190476190474,0.07142857142857142,1.2500000000000087,6.443127226874961,4.767145731684055,-0.9253865209037601,0.9285714285714286,13.362137216245534,0.03364325098844383,30.254795971292477,0.33481357103553155
WHEEL,COVER_4_ZONE,11,0.36363636363636365,15.181818181818182,86.17424242424242,0.09090909090909091,15.624544923955757,4.876487853194262,5.0593885350168355,0.18290068182257285,0.6363636363636364,19.363826631907497,0.31393198174086107,42.38018977563365,0.6260716025798635
CORNER,COVER_2_MAN,10,0.3,6.7,54.99999999999999,0.0,23.26699981689448,2.2259092038964243,1.9624231732242081,-0.26348603067221593,0.3,37.538381587803656,0.5875925358677186,43.94352812143124,0.9210312337766131
POST,PREVENT,10,0.7,15.2,112.5,0.0,23.563999271392767,3.965272238375676,2.3527865421872187,-1.612485696188457,0.6,33.94871423033554,-0.5467911534283841,49.788200701890716,0.724602685112478
