route_of_targeted_receiver,team_coverage_man_zone,plays,catch_rate,yards_per_target,passer_rating,interception_rate,mean_air_yards,separation_at_throw_yd,separation_at_arrival_yd,separation_change_yd,open_rate_at_throw,rec_cod_total_deg,rec_accel_burst_yps2,cov_cod_total_deg,cov_pursuit_efficiency
HITCH,ZONE_COVERAGE,2162,0.782608695652174,7.633672525439408,93.65556583410424,0.018963922294172063,6.377012015491806,4.297090171485353,2.9446214086320044,-1.2700978285888684,0.7127659574468085,45.53557505203047,0.30496571552485946,52.94787397687017,0.3651263849519255
OUT,ZONE_COVERAGE,1581,0.7356103731815307,6.881087919038583,89.68348091924942,0.013282732447817837,6.5081656663799325,4.1102590848920855,3.021369040695874,-0.9144540526212522,0.640101201771031,36.43701649531582,0.7039955275851533,43.685986432294946,0.6763461539584273
FLAT,ZONE_COVERAGE,1576,0.8692893401015228,5.5145939086294415,91.49481810490693,0.0031725888324873096,-0.7930774271185623,8.880840357768601,5.422974074251205,-2.009828287080606,0.9651015228426396,16.536487205592092,-0.37509689549842695,38.17262083986335,0.5425882038713699
CROSS,ZONE_COVERAGE,883,0.7417893544733862,8.858437146092864,101.75302000755002,0.02944507361268403,6.576579751204255,5.026293898334596,3.8690822072055004,-0.8915063203458055,0.7338618346545867,13.450567528125736,-0.33952757712737336,27.69560332322782,0.6377133417543117
GO,ZONE_COVERAGE,841,0.4351961950059453,12.28537455410226,105.59106222750697,0.054696789536266346,24.58395960087158,2.6726900585551467,2.1777282520595014,-0.4631160877613581,0.29964328180737215,26.46675718033534,0.5766930491889968,38.396514339348926,0.8015301329781316
IN,ZONE_COVERAGE,777,0.6203346203346203,8.804375804375804,81.02477477477477,0.04118404118404118,10.379716851689798,3.497775941965669,2.852713274025555,-0.6775988700017122,0.5341055341055341,32.84259738804827,0.5530469817136535,40.77214918224805,0.5209063337743446
OUT,MAN_COVERAGE,627,0.6012759170653907,5.940988835725678,90.50039872408293,0.01594896331738437,6.952041427104282,2.604858556929996,2.2954283308645067,-0.2704081796168212,0.31100478468899523,35.56112268166593,1.0670343606626267,41.23229668327723,0.6793340840420394
CROSS,MAN_COVERAGE,603,0.6716417910447762,9.243781094527364,113.70577667219459,0.01990049751243781,7.48529024296139,3.1257580139167236,2.7369389728455644,-0.19499005744969983,0.3946932006633499,12.892179082097902,0.3168598256102421,19.18020580869646,0.7241954976429911
SLANT,ZONE_COVERAGE,584,0.7414383561643836,8.46404109589041,100.27825342465755,0.02054794520547945,5.587688356229702,3.4763355537437155,2.7216073436019528,-0.7967935126905499,0.5085616438356164,18.231826638609633,0.6385065947973976,33.98856639465002,0.509671692644112
POST,ZONE_COVERAGE,577,0.5632582322357019,14.18370883882149,100.96042749855576,0.0779896013864818,21.514176644423593,3.201239032690709,2.8118075284364035,-0.42547422288726483,0.47660311958405543,30.433923985112543,0.14002106875402792,42.290494317856606,0.6580386214041339
GO,MAN_COVERAGE,550,0.38545454545454544,10.585454545454546,104.37121212121212,0.02909090909090909,22.230909104238865,1.68701745240785,1.4008624776520553,-0.28636859390360964,0.0890909090909091,24.590309907562865,1.0556539397607,29.68040488439347,0.8544997149180644
ANGLE,ZONE_COVERAGE,494,0.8461538461538461,7.168016194331984,91.64136302294197,0.018218623481781375,1.6593116439788467,7.205809911243097,3.7488318125615026,-1.9829314747157012,0.902834008097166,22.93867897487174,-0.6202879384622155,31.912151771754818,0.5551372238603448
HITCH,MAN_COVERAGE,491,0.6720977596741344,6.816700610997963,97.52630685675493,0.014256619144602852,6.870672155179218,2.901194644334221,2.0908113363966883,-0.7755364326502036,0.4134419551934827,51.597318214700316,1.2599036347646433,55.60760789467655,0.34638534651825736
SLANT,MAN_COVERAGE,460,0.6739130434782609,7.067391304347826,103.81340579710144,0.015217391304347827,5.278521535966705,2.675802445152484,1.898018017028535,-0.7344460247398333,0.34130434782608693,16.245521041841613,1.129440725107408,24.549831601410016,0.6431314815838706
FLAT,MAN_COVERAGE,405,0.7777777777777778,5.103703703703704,124.42901234567903,0.007407407407407408,0.2177284064116283,5.4943401838841055,4.024864153963478,-0.9494849190061518,0.7851851851851852,14.57856383386164,0.12214729274635325,25.148990192797644,0.4319235013856745
IN,MAN_COVERAGE,318,0.5566037735849056,7.323899371069182,87.89308176100627,0.031446540880503145,9.22547159667285,2.373135426905006,1.9213516943851165,-0.48776293546867694,0.29559748427672955,30.17606017566213,1.1268092805703909,38.6370758718823,0.6663382194511426
CORNER,ZONE_COVERAGE,289,0.5501730103806228,13.875432525951558,100.87946943483274,0.058823529411764705,21.065882367555655,3.971285809229818,2.9189363872804672,-1.066794342197852,0.657439446366782,32.83182489387506,0.37817352863869347,45.35474617376285,0.752533293838934
SCREEN,ZONE_COVERAGE,248,0.8911290322580645,4.669354838709677,86.12231182795699,0.0,-1.8397984466245119,10.28707691357324,6.1749676558725115,-2.6116502618814614,0.9879032258064516,23.082566986605134,0.6566054821773963,38.53022618812159,0.5955849530861604
CORNER,MAN_COVERAGE,220,0.45454545454545453,9.918181818181818,109.50757575757575,0.02727272727272727,20.25840906771746,2.0777078035335705,2.3792644898618893,0.36123515977162135,0.16818181818181818,33.756926604146955,0.8376223287567898,41.43339342762752,0.8466491000124399
POST,MAN_COVERAGE,190,0.5157894736842106,11.873684210526315,123.15789473684211,0.02631578947368421,17.277578911655812,1.8787484100473415,1.9674268565561805,0.08867844650883921,0.14736842105263157,28.918834804465327,0.6071726403580462,40.674501669009445,0.7624547994003179
SCREEN,MAN_COVERAGE,52,0.7307692307692307,3.8653846153846154,104.7275641025641,0.0,-1.02326940573179,8.260849068703902,5.715027792018493,-1.461729019626396,0.9038461538461539,25.42217387370177,0.4728413062494965,38.210064054995435,0.38942315820719936
ANGLE,MAN_COVERAGE,49,0.6938775510204082,7.387755102040816,121.7687074829932,0.02040816326530612,3.3953061201134593,3.8143947392905453,2.768159407763552,-1.0374763416506825,0.5714285714285714,20.400489104945834,1.0648114481541713,28.435059507367782,0.5949924865311211
WHEEL,ZONE_COVERAGE,44,0.5,12.295454545454545,123.39015151515149,0.022727272727272728,13.989545583724992,4.123249464975433,3.4922605493174355,-0.6309889156579973,0.5227272727272727,23.952151091071723,0.16951016023511342,39.807538668725336,0.7426230281899797
WHEEL,MAN_COVERAGE,32,0.4375,9.09375,102.99479166666667,0.03125,15.792499899864193,2.092131649480552,2.142113702925868,0.04998205344531584,0.21875,25.525000333466053,0.6650297980549591,37.23573428365346,0.91189917079867
